,agency_name,work_location_borough,regular_hours,regular_gross_paid,ot_hours,total_ot_paid,total_other_pay,total_pay,tenure_years
12,DEPARTMENT OF SANITATION,BRONX,2080.0,110309.14,1981.5,170883.87,17967.1,299160.11,22
15,DEPARTMENT OF SANITATION,BROOKLYN,2080.0,110726.63,1907.0,164673.96,18437.02,293837.61,24
19,FIRE DEPARTMENT,QUEENS,1820.0,110977.0,1658.5,151640.05,28946.62,291563.67,20
25,FIRE DEPARTMENT,QUEENS,1820.0,119520.0,1334.0,130455.53,34918.34,284893.87,20
26,FIRE DEPARTMENT,QUEENS,1820.0,119520.0,1370.75,134544.05,29692.76,283756.81,12
27,DEPARTMENT OF SANITATION,QUEENS,2080.0,110726.63,1808.0,153392.57,18034.19,282153.39,21
29,DEPARTMENT OF SANITATION,BROOKLYN,2080.0,110726.63,1791.0,153452.2,17799.64,281978.47,21
31,DEPARTMENT OF SANITATION,QUEENS,2080.0,110306.9,1894.0,161609.68,9623.13,281539.71,22
32,FIRE DEPARTMENT,BROOKLYN,2080.0,162911.44,1564.92,110078.87,6532.24,279522.55,23
33,DEPARTMENT OF SANITATION,QUEENS,2080.0,110726.63,1796.0,151311.33,16643.84,278681.8,17
39,FIRE DEPARTMENT,QUEENS,1820.0,110977.0,1571.75,143715.06,18162.64,272854.7,8
44,DEPARTMENT OF SANITATION,MANHATTAN,2080.0,110726.63,1735.5,148648.54,9880.64,269255.81,26
46,DEPARTMENT OF SANITATION,QUEENS,2080.0,108326.62,1876.0,153590.47,6699.2,268616.29,9
47,FIRE DEPARTMENT,QUEENS,1820.0,110977.0,1434.0,131090.97,26256.49,268324.46,20
48,DEPARTMENT OF SANITATION,BRONX,2080.0,110726.63,1685.0,141839.62,15580.89,268147.14,18
49,DEPARTMENT OF SANITATION,BRONX,2080.0,110726.63,1615.02,138991.53,18294.71,268012.87,21
52,FIRE DEPARTMENT,QUEENS,2080.0,147784.86,1036.25,110702.16,7893.46,266380.48,42
55,DEPARTMENT OF SANITATION,BROOKLYN,2080.0,110726.63,1578.0,135634.66,18720.47,265081.76,39
57,FIRE DEPARTMENT,QUEENS,1820.0,110977.0,1567.75,143239.77,9311.48,263528.25,6
59,POLICE DEPARTMENT,MANHATTAN,2080.0,132288.0,1217.5,116052.51,13357.38,261697.89,9
60,FIRE DEPARTMENT,QUEENS,1820.0,110977.0,1348.5,123314.08,27350.6,261641.68,17
62,FIRE DEPARTMENT,QUEENS,2080.0,146527.13,994.18,80639.34,33180.62,260347.09,22
63,FIRE DEPARTMENT,MANHATTAN,2080.0,146527.13,846.12,78077.87,35047.48,259652.48,27
67,FIRE DEPARTMENT,BROOKLYN,2080.0,146527.13,833.63,77912.32,34206.86,258646.31,31
68,POLICE DEPARTMENT,MANHATTAN,2080.0,147066.63,950.08,90551.25,20495.26,258113.14,24
69,POLICE DEPARTMENT,MANHATTAN,2080.0,131779.2,1085.25,102184.53,24136.67,258100.4,4
70,FIRE DEPARTMENT,QUEENS,1820.0,110977.0,1316.0,120465.53,26299.67,257742.2,19
74,FIRE DEPARTMENT,MANHATTAN,2080.0,146527.13,803.52,74955.15,35125.78,256608.06,26
75,DEPARTMENT OF SANITATION,BRONX,2080.0,134594.25,1029.33,106341.17,15585.18,256520.6,17
76,FIRE DEPARTMENT,MANHATTAN,2080.0,146527.13,976.82,77728.43,31919.92,256175.48,27
77,DEPARTMENT OF SANITATION,MANHATTAN,2080.0,110717.67,1482.0,127499.36,17603.03,255820.06,28
78,FIRE DEPARTMENT,QUEENS,2080.0,146527.13,820.97,73933.68,35051.92,255512.73,38
79,FIRE DEPARTMENT,MANHATTAN,2080.0,105627.98,2330.0,133524.89,16299.61,255452.48,18
82,DEPARTMENT OF SANITATION,BRONX,2080.0,110717.69,1507.0,126912.71,16732.59,254362.99,21
87,FIRE DEPARTMENT,MANHATTAN,2080.0,91793.92,2716.92,144552.27,16572.12,252918.31,22
91,DEPARTMENT OF SANITATION,QUEENS,2080.0,110726.62,1589.0,133268.87,7449.34,251444.83,18
92,FIRE DEPARTMENT,BROOKLYN,2080.0,146527.13,1178.28,92030.08,12519.56,251076.77,24
93,DEPARTMENT OF SANITATION,BROOKLYN,2080.0,110726.63,1409.97,122519.11,17808.84,251054.58,21
94,FIRE DEPARTMENT,BROOKLYN,2080.0,146527.13,781.35,68828.99,35488.64,250844.76,31
95,POLICE DEPARTMENT,MANHATTAN,2080.0,132288.0,783.5,77294.67,40368.14,249950.81,8
98,DEPARTMENT OF SANITATION,BROOKLYN,2080.0,110309.14,1389.0,120190.49,18822.1,249321.73,22
99,FIRE DEPARTMENT,MANHATTAN,2080.0,146527.13,1099.92,87240.46,15497.54,249265.13,28
100,FIRE DEPARTMENT,BRONX,2080.0,146527.13,739.78,69510.78,32910.71,248948.62,32
101,FIRE DEPARTMENT,QUEENS,2080.0,146527.13,1129.93,85511.12,16755.55,248793.8,23
102,DEPARTMENT OF SANITATION,MANHATTAN,2080.0,109029.96,1433.5,122110.88,17566.77,248707.61,26
103,DEPARTMENT OF SANITATION,MANHATTAN,2080.0,110306.46,1447.0,121970.27,16372.91,248649.64,17
104,DEPARTMENT OF SANITATION,QUEENS,2080.0,110141.66,1474.0,123549.28,14928.77,248619.71,15
105,DEPARTMENT OF SANITATION,QUEENS,2080.0,110431.95,1437.75,122366.29,15612.09,248410.33,18
106,FIRE DEPARTMENT,BRONX,2080.0,127655.43,1170.5,88500.0,31484.64,247640.07,26
107,FIRE DEPARTMENT,MANHATTAN,2080.0,146527.13,789.65,72801.06,28171.61,247499.8,34
108,FIRE DEPARTMENT,BROOKLYN,2080.0,146527.13,1117.15,86909.58,14033.15,247469.86,25
109,DEPARTMENT OF SANITATION,QUEENS,2080.0,110691.84,1379.0,118382.12,18295.95,247369.91,33
110,FIRE DEPARTMENT,QUEENS,2080.0,146527.13,1077.38,85925.44,14831.74,247284.31,24
111,DEPARTMENT OF SANITATION,MANHATTAN,2080.0,105161.7,1590.0,130204.29,11517.02,246883.01,8
112,POLICE DEPARTMENT,MANHATTAN,1991.48,140837.46,1028.33,85055.91,20811.55,246704.92,41
113,FIRE DEPARTMENT,MANHATTAN,2080.0,145480.63,811.52,70558.33,30584.38,246623.34,20
114,FIRE DEPARTMENT,BROOKLYN,2080.0,145729.88,1080.32,84283.38,16419.75,246433.01,35
116,DEPARTMENT OF SANITATION,BROOKLYN,2080.0,110726.03,1399.0,119066.06,16080.26,245872.35,16
117,DEPARTMENT OF SANITATION,BROOKLYN,2080.0,110717.69,1339.0,116842.48,17971.37,245531.54,21
122,DEPARTMENT OF SANITATION,BROOKLYN,2080.0,110726.63,1422.0,124070.63,9754.96,244552.22,35
123,POLICE DEPARTMENT,MANHATTAN,2080.0,199447.93,158.25,6543.88,38558.3,244550.11,41
124,DEPARTMENT OF SANITATION,QUEENS,2080.0,110708.75,1396.0,117780.25,15995.02,244484.02,21
126,FIRE DEPARTMENT,QUEENS,2080.0,146515.2,880.0,91977.03,5547.15,244039.38,10
127,FIRE DEPARTMENT,BROOKLYN,2080.0,146527.13,1006.85,82644.21,14648.65,243819.99,21
129,DEPARTMENT OF SANITATION,BROOKLYN,2080.0,134586.1,874.5,91851.05,16939.51,243376.66,21
131,POLICE DEPARTMENT,MANHATTAN,2080.0,219642.52,202.5,7499.01,16081.06,243222.59,30
132,FIRE DEPARTMENT,QUEENS,2080.0,146527.13,640.08,61012.42,35475.35,243014.9,24
133,DEPARTMENT OF SANITATION,BROOKLYN,2080.0,110309.13,1381.0,116543.76,16137.24,242990.13,17
134,DEPARTMENT OF SANITATION,BROOKLYN,2080.0,109456.28,1445.0,123422.79,10085.13,242964.2,22
135,POLICE DEPARTMENT,BRONX,2080.0,149567.44,1070.08,70016.82,23099.67,242683.93,17
137,DEPARTMENT OF SANITATION,QUEENS,2080.0,110717.51,1370.0,115646.25,16057.78,242421.54,16
138,DEPARTMENT OF SANITATION,MANHATTAN,2080.0,110726.63,1390.0,118596.67,13094.51,242417.81,20
141,DEPARTMENT OF SANITATION,QUEENS,2080.0,134594.25,855.0,91474.46,15604.99,241673.7,28
142,POLICE DEPARTMENT,MANHATTAN,2080.0,199447.93,270.0,10544.24,31637.54,241629.71,34
143,DEPARTMENT OF SANITATION,BROOKLYN,2080.0,110064.63,1477.0,124130.99,7227.56,241423.18,17
144,POLICE DEPARTMENT,BROOKLYN,2080.0,147066.63,976.03,70392.67,23885.9,241345.2,28
145,DEPARTMENT OF SANITATION,QUEENS,2080.0,110327.82,1513.0,124813.17,6162.62,241303.61,9
152,DEPARTMENT OF SANITATION,BROOKLYN,2080.0,110726.63,1288.0,110232.38,18820.36,239779.37,22
153,POLICE DEPARTMENT,BRONX,2080.0,199447.93,270.0,9998.68,30303.64,239750.25,28
154,POLICE DEPARTMENT,QUEENS,2080.0,199447.93,67.5,2705.54,37454.39,239607.86,27
155,FIRE DEPARTMENT,QUEENS,1820.0,110977.0,1140.5,104319.35,24242.05,239538.4,13
157,POLICE DEPARTMENT,BRONX,2080.0,199447.93,67.5,2705.54,37209.19,239362.66,31
158,POLICE DEPARTMENT,MANHATTAN,2080.0,199447.93,67.5,2705.54,37205.01,239358.48,31
160,DEPARTMENT OF SANITATION,BROOKLYN,2080.0,110708.75,1396.0,119452.9,9157.19,239318.84,21
168,POLICE DEPARTMENT,MANHATTAN,2122.08,150356.09,968.25,65810.74,22788.9,238955.73,27
169,POLICE DEPARTMENT,MANHATTAN,2080.0,209878.1,270.0,9998.68,18840.28,238717.06,31
170,FIRE DEPARTMENT,QUEENS,2080.0,145480.63,977.52,76125.09,16989.74,238595.46,25
171,FIRE DEPARTMENT,MANHATTAN,2080.0,146527.13,958.0,79587.15,12337.35,238451.63,39
172,FIRE DEPARTMENT,BRONX,2080.0,145981.57,916.03,78915.96,13527.92,238425.45,23
173,POLICE DEPARTMENT,BROOKLYN,2080.0,199447.93,252.4,9808.86,29167.13,238423.92,28
174,POLICE DEPARTMENT,MANHATTAN,2080.0,215204.15,185.35,6966.91,15962.04,238133.1,28
175,FIRE DEPARTMENT,QUEENS,2080.0,146527.13,932.68,78972.32,12586.15,238085.6,23
177,FIRE DEPARTMENT,MANHATTAN,2080.0,146527.13,901.8,79194.76,12261.17,237983.06,21
178,FIRE DEPARTMENT,BROOKLYN,2080.0,146527.13,1008.65,78823.68,12601.43,237952.24,24
179,DEPARTMENT OF SANITATION,BROOKLYN,2080.0,110726.62,1272.0,108294.55,18841.53,237862.7,28
180,POLICE DEPARTMENT,MANHATTAN,2080.0,132288.0,720.5,70069.71,35479.9,237837.61,6
183,FIRE DEPARTMENT,BRONX,2080.0,146527.13,910.48,77999.15,13262.27,237788.55,26
184,FIRE DEPARTMENT,BROOKLYN,2080.0,146527.13,1147.5,77611.3,13473.24,237611.67,30
189,DEPARTMENT OF SANITATION,BRONX,2080.0,134594.25,864.0,92227.75,10407.85,237229.85,22
191,DEPARTMENT OF SANITATION,MANHATTAN,2080.0,109537.58,1366.0,113743.52,13901.93,237183.03,10
192,POLICE DEPARTMENT,MANHATTAN,2080.0,199447.93,11.38,456.27,37209.19,237113.39,27
193,DEPARTMENT OF SANITATION,BRONX,2080.0,106417.4,1417.0,121058.56,9616.85,237092.81,22
195,POLICE DEPARTMENT,MANHATTAN,2080.0,219642.52,67.5,2499.67,14860.38,237002.57,31
196,DEPARTMENT OF SANITATION,BROOKLYN,2080.0,110726.62,1250.0,108345.54,17911.95,236984.11,22
197,POLICE DEPARTMENT,QUEENS,2080.0,199447.93,238.5,9243.91,28263.02,236954.86,36
202,FIRE DEPARTMENT,QUEENS,2080.0,145729.88,968.15,74429.5,16707.02,236866.4,23
207,FIRE DEPARTMENT,MANHATTAN,2080.0,146527.13,988.08,76920.6,13048.09,236495.82,31
208,POLICE DEPARTMENT,MANHATTAN,2122.08,150480.23,860.17,55532.99,30462.81,236476.03,33
212,FIRE DEPARTMENT,BROOKLYN,2080.0,146527.13,948.13,73088.93,16536.58,236152.64,32
214,POLICE DEPARTMENT,MANHATTAN,2080.0,199447.93,270.0,10297.08,26367.43,236112.44,28
215,POLICE DEPARTMENT,MANHATTAN,2080.0,199447.93,194.38,7408.4,29116.93,235973.26,35
216,DEPARTMENT OF SANITATION,BROOKLYN,2080.0,109943.83,1251.0,108384.92,17640.19,235968.94,22
217,FIRE DEPARTMENT,QUEENS,2080.0,146527.13,944.9,75771.15,13665.6,235963.88,25
243,FIRE DEPARTMENT,BROOKLYN,2080.0,127655.43,1396.78,95554.82,12600.19,235810.44,32
250,FIRE DEPARTMENT,MANHATTAN,2080.0,131370.39,1283.12,90600.72,13551.27,235522.38,19
253,DEPARTMENT OF SANITATION,BROOKLYN,2080.0,85022.26,1597.0,113880.12,36485.86,235388.24,32
256,POLICE DEPARTMENT,MANHATTAN,2080.0,132288.0,767.5,74423.13,28642.55,235353.68,2
257,POLICE DEPARTMENT,MANHATTAN,2080.0,199447.93,135.0,4999.34,30890.67,235337.94,31
268,DEPARTMENT OF SANITATION,BROOKLYN,2080.0,110708.75,1353.0,114501.78,10001.51,235212.04,21
270,POLICE DEPARTMENT,BRONX,2122.08,150169.88,716.47,62478.75,22491.23,235139.86,28
272,POLICE DEPARTMENT,MANHATTAN,2080.0,156998.4,670.75,75344.76,2717.29,235060.45,9
274,FIRE DEPARTMENT,BROOKLYN,2080.0,146527.13,883.88,71750.74,16684.46,234962.33,26
275,POLICE DEPARTMENT,MANHATTAN,2123.75,150550.9,759.75,62451.91,21750.21,234753.02,29
276,FIRE DEPARTMENT,MANHATTAN,2080.0,146527.13,964.23,74840.33,13299.77,234667.23,25
277,POLICE DEPARTMENT,MANHATTAN,2080.0,200557.52,270.0,10204.68,23903.83,234666.03,33
279,FIRE DEPARTMENT,MANHATTAN,2080.0,146527.13,897.83,73701.38,14194.89,234423.4,27
280,DEPARTMENT OF SANITATION,BROOKLYN,2080.0,85318.5,1618.75,113391.95,35695.24,234405.69,37
281,POLICE DEPARTMENT,BROOKLYN,2080.0,199447.93,219.5,8128.56,26754.49,234330.98,27
282,POLICE DEPARTMENT,MANHATTAN,2080.0,199447.93,270.0,9998.68,24844.54,234291.15,35
283,DEPARTMENT OF SANITATION,QUEENS,2080.0,105140.39,1458.0,115852.6,13284.51,234277.5,15
284,FIRE DEPARTMENT,BROOKLYN,2080.0,145981.57,959.3,75156.37,13076.48,234214.42,18
292,POLICE DEPARTMENT,BROOKLYN,2080.0,199447.93,270.0,9998.68,24558.35,234004.96,27
293,FIRE DEPARTMENT,QUEENS,2080.0,146527.13,872.38,70398.25,17073.43,233998.81,25
297,POLICE DEPARTMENT,MANHATTAN,2080.0,199447.93,270.0,9998.68,24356.87,233803.48,33
298,POLICE DEPARTMENT,BRONX,2080.0,199447.93,202.5,7499.01,26829.33,233776.27,34
299,FIRE DEPARTMENT,BRONX,2080.0,146527.13,1040.43,69733.23,17466.2,233726.56,37
300,DEPARTMENT OF SANITATION,QUEENS,2080.0,108613.09,1236.0,106893.03,18167.3,233673.42,22
301,FIRE DEPARTMENT,BROOKLYN,2080.0,145480.63,939.85,75083.73,13031.64,233596.0,20
303,POLICE DEPARTMENT,QUEENS,2080.0,175005.94,469.92,36175.55,22387.59,233569.08,16
306,POLICE DEPARTMENT,MANHATTAN,2080.0,199447.93,270.0,9998.68,23931.4,233378.01,28
307,FIRE DEPARTMENT,BROOKLYN,2080.0,127655.43,876.52,74190.81,31439.09,233285.33,25
309,FIRE DEPARTMENT,BROOKLYN,2080.0,145480.63,964.5,73948.61,13722.43,233151.67,20
311,FIRE DEPARTMENT,BROOKLYN,2080.0,145480.63,843.72,72836.4,14751.5,233068.53,19
313,FIRE DEPARTMENT,BROOKLYN,2080.0,146527.13,955.5,69547.28,16755.96,232830.37,38
316,DEPARTMENT OF SANITATION,BRONX,2080.0,110726.63,1261.0,107536.64,14487.12,232750.39,18
318,FIRE DEPARTMENT,QUEENS,2080.0,146527.13,928.93,69044.71,17062.91,232634.75,24
320,POLICE DEPARTMENT,QUEENS,2080.0,199447.93,234.58,8687.13,24408.95,232544.01,23
321,POLICE DEPARTMENT,MANHATTAN,2080.0,199447.93,270.0,9998.68,23066.09,232512.7,26
322,DEPARTMENT OF SANITATION,BROOKLYN,2080.0,110603.66,1398.0,116117.43,5758.39,232479.48,11
323,DEPARTMENT OF SANITATION,BRONX,2080.0,108896.2,1443.5,117378.86,6169.84,232444.9,14
326,DEPARTMENT OF SANITATION,BROOKLYN,2080.0,102387.83,1530.0,118680.61,11272.69,232341.13,8
327,DEPARTMENT OF SANITATION,BRONX,2080.0,110708.75,1204.0,104307.16,17292.8,232308.71,22
330,FIRE DEPARTMENT,MANHATTAN,2080.0,146527.13,836.5,71530.25,14090.77,232148.15,35
331,DEPARTMENT OF SANITATION,BROOKLYN,2080.0,134594.25,801.5,86902.46,10600.04,232096.75,28
333,FIRE DEPARTMENT,BROOKLYN,2080.0,146527.13,898.0,72517.05,13001.62,232045.8,30
335,FIRE DEPARTMENT,BROOKLYN,2080.0,145729.88,880.17,70174.29,16050.78,231954.95,18
336,POLICE DEPARTMENT,BROOKLYN,2080.0,189344.57,135.0,4756.7,37777.77,231879.04,27
337,POLICE DEPARTMENT,MANHATTAN,2080.0,199447.93,269.63,9985.1,22402.19,231835.22,41
339,DEPARTMENT OF SANITATION,QUEENS,2080.0,110726.63,1176.0,101811.79,19092.88,231631.3,22
340,FIRE DEPARTMENT,QUEENS,2080.0,146527.13,903.98,68274.05,16812.16,231613.34,23
342,FIRE DEPARTMENT,MANHATTAN,2080.0,146527.13,885.08,71181.91,13840.56,231549.6,30
343,POLICE DEPARTMENT,MANHATTAN,2122.08,150408.57,733.42,57317.28,23822.82,231548.67,24
345,DEPARTMENT OF SANITATION,BROOKLYN,2080.0,109056.66,1304.0,112711.58,9633.25,231401.49,22
346,DEPARTMENT OF SANITATION,QUEENS,2080.0,134594.25,793.0,84347.24,12450.77,231392.26,22
347,POLICE DEPARTMENT,MANHATTAN,2080.0,153439.89,814.08,57294.01,20642.61,231376.51,13
348,DEPARTMENT OF SANITATION,QUEENS,2080.0,110726.63,1179.0,101717.86,18886.36,231330.85,29
349,POLICE DEPARTMENT,MANHATTAN,2080.0,189344.57,270.0,10099.76,31831.31,231275.64,28
353,POLICE DEPARTMENT,MANHATTAN,2080.0,199447.93,270.0,9881.86,21825.35,231155.14,34
355,FIRE DEPARTMENT,BROOKLYN,2080.0,145986.35,865.9,68197.76,16877.92,231062.03,21
357,POLICE DEPARTMENT,MANHATTAN,2122.08,150402.58,811.08,51638.18,28946.34,230987.1,28
358,FIRE DEPARTMENT,QUEENS,2072.0,120390.09,985.5,93311.63,17266.69,230968.41,30
359,DEPARTMENT OF SANITATION,BRONX,2080.0,85022.26,1453.0,103008.42,42898.43,230929.11,25
360,DEPARTMENT OF SANITATION,BROOKLYN,2080.0,109056.67,1218.0,104653.34,17152.74,230862.75,26
361,POLICE DEPARTMENT,MANHATTAN,2080.0,167984.67,506.22,43638.43,19219.11,230842.21,16
362,FIRE DEPARTMENT,BROOKLYN,2080.0,146527.13,854.93,68216.75,16003.63,230747.51,30
364,DEPARTMENT OF SANITATION,BROOKLYN,2080.0,109790.89,1281.0,107808.86,13055.75,230655.5,16
402,POLICE DEPARTMENT,MANHATTAN,2080.0,199447.93,202.5,7499.01,23285.38,230232.32,38
405,FIRE DEPARTMENT,BROOKLYN,2080.0,127655.43,873.65,70701.76,31767.33,230124.52,21
406,FIRE DEPARTMENT,MANHATTAN,2080.0,146527.13,935.7,70167.62,13417.38,230112.13,23
407,POLICE DEPARTMENT,MANHATTAN,2080.0,189344.57,135.0,4952.12,35810.41,230107.1,27
408,DEPARTMENT OF SANITATION,BROOKLYN,2080.0,110717.69,1258.0,105883.85,13472.77,230074.31,16
410,DEPARTMENT OF SANITATION,BRONX,2080.0,134594.25,824.0,86922.54,8467.94,229984.73,17
411,FIRE DEPARTMENT,MANHATTAN,2080.0,146527.13,824.57,67139.83,16309.45,229976.41,28
419,DEPARTMENT OF SANITATION,BROOKLYN,2080.0,110418.9,1316.5,109515.67,9479.75,229414.32,10
422,DEPARTMENT OF SANITATION,MANHATTAN,2080.0,110726.63,1260.5,108961.86,9659.16,229347.65,32
423,FIRE DEPARTMENT,MANHATTAN,2080.0,127655.43,850.8,69105.36,32513.51,229274.3,37
429,FIRE DEPARTMENT,MANHATTAN,2080.0,105627.98,1999.0,107044.44,16299.61,228972.03,18
431,FIRE DEPARTMENT,QUEENS,2080.0,145729.88,822.68,69989.63,13138.56,228858.07,18
434,POLICE DEPARTMENT,MANHATTAN,2122.75,150471.23,748.15,55482.52,22796.99,228750.74,23
435,DEPARTMENT OF SANITATION,BROOKLYN,2080.0,134086.76,784.0,83872.32,10786.56,228745.64,22
437,DEPARTMENT OF SANITATION,QUEENS,2080.0,134594.25,812.0,85322.17,8809.75,228726.17,17
439,FIRE DEPARTMENT,BROOKLYN,2080.0,146527.13,914.55,68940.5,13161.33,228628.96,31
440,FIRE DEPARTMENT,MANHATTAN,2080.0,146527.13,537.72,46479.42,35598.68,228605.23,38
444,POLICE DEPARTMENT,MANHATTAN,2080.0,189344.57,270.0,9513.4,29663.01,228520.98,28
445,DEPARTMENT OF SANITATION,BROOKLYN,2080.0,85022.26,1445.0,102313.77,41137.01,228473.04,29
446,FIRE DEPARTMENT,QUEENS,2080.0,146527.13,798.33,68032.97,13855.33,228415.43,31
448,POLICE DEPARTMENT,MANHATTAN,2080.0,199447.93,67.5,2499.67,26285.06,228232.66,41
449,DEPARTMENT OF SANITATION,BRONX,2080.0,110639.7,1191.0,101033.76,16524.22,228197.68,16
450,FIRE DEPARTMENT,QUEENS,1820.0,110977.0,1010.25,92233.8,24970.82,228181.62,20
454,POLICE DEPARTMENT,QUEENS,2080.0,199447.93,67.5,2551.17,26067.2,228066.3,34
455,DEPARTMENT OF SANITATION,BROOKLYN,2080.0,85018.93,1536.0,108006.48,34931.61,227957.02,26
456,FIRE DEPARTMENT,MANHATTAN,2080.0,146527.13,877.7,64363.49,16890.43,227781.05,31
458,FIRE DEPARTMENT,BROOKLYN,2080.0,146527.13,911.38,65211.17,16031.15,227769.45,21
459,DEPARTMENT OF SANITATION,BRONX,2080.0,85022.26,1503.0,107992.48,34745.21,227759.95,26
464,DEPARTMENT OF SANITATION,MANHATTAN,2080.0,134583.38,774.0,81159.3,11877.77,227620.45,20
465,POLICE DEPARTMENT,MANHATTAN,2080.0,189344.57,221.52,7805.1,30423.08,227572.75,38
466,FIRE DEPARTMENT,BROOKLYN,2080.0,146527.13,900.02,68178.0,12820.4,227525.53,36
469,DEPARTMENT OF SANITATION,MANHATTAN,2080.0,110726.63,1201.67,105177.46,11490.99,227395.08,33
471,FIRE DEPARTMENT,MANHATTAN,2080.0,146527.13,790.0,62468.57,18368.08,227363.78,36
472,DEPARTMENT OF SANITATION,QUEENS,2080.0,85022.26,1263.0,88050.41,54233.34,227306.01,38
473,FIRE DEPARTMENT,BROOKLYN,2080.0,117300.17,1010.75,84414.11,25561.66,227275.94,14
474,DEPARTMENT OF SANITATION,MANHATTAN,2080.0,134594.25,723.0,76364.21,16308.58,227267.04,16
475,DEPARTMENT OF SANITATION,QUEENS,2080.0,110726.63,1204.25,106045.1,10487.4,227259.13,29
476,DEPARTMENT OF SANITATION,BRONX,2080.0,84401.3,1504.0,104943.61,37853.48,227198.39,17
477,POLICE DEPARTMENT,BROOKLYN,2080.0,189344.57,67.5,2549.38,35250.72,227144.67,40
478,DEPARTMENT OF SANITATION,BROOKLYN,2080.0,134594.25,757.5,81723.31,10792.21,227109.77,22
479,POLICE DEPARTMENT,BRONX,2080.0,189344.57,270.0,9513.4,28233.15,227091.12,34
480,FIRE DEPARTMENT,BRONX,2080.0,146527.13,697.78,66122.15,14415.91,227065.19,28
481,FIRE DEPARTMENT,QUEENS,2080.0,146527.13,811.22,67140.52,13357.56,227025.21,24
482,DEPARTMENT OF SANITATION,BROOKLYN,2080.0,110424.5,1207.0,101741.96,14846.24,227012.7,14
483,FIRE DEPARTMENT,MANHATTAN,2080.0,105627.98,1907.22,104521.72,16822.16,226971.86,17
484,FIRE DEPARTMENT,MANHATTAN,2080.0,146527.13,760.48,63257.07,17186.85,226971.05,29
486,DEPARTMENT OF SANITATION,BRONX,2080.0,110603.67,1304.0,109750.13,6527.63,226881.43,13
489,POLICE DEPARTMENT,MANHATTAN,2122.08,150448.86,641.17,53295.86,23078.42,226823.14,22
490,POLICE DEPARTMENT,MANHATTAN,2013.52,142654.79,845.0,57880.82,26235.92,226771.53,32
492,FIRE DEPARTMENT,QUEENS,2080.0,146527.13,887.73,66191.97,13916.66,226635.76,31
496,POLICE DEPARTMENT,MANHATTAN,2080.0,132288.0,719.5,66589.2,27475.65,226352.85,5
497,DEPARTMENT OF SANITATION,BROOKLYN,2080.0,132277.94,789.0,83835.51,10184.36,226297.81,17
498,FIRE DEPARTMENT,BROOKLYN,2080.0,127655.43,811.88,65992.14,32647.12,226294.69,25
499,POLICE DEPARTMENT,QUEENS,2080.0,189344.57,202.5,7486.77,29391.16,226222.5,35
501,POLICE DEPARTMENT,MANHATTAN,2122.08,150294.02,709.22,54464.74,21347.29,226106.05,37
502,DEPARTMENT OF SANITATION,BRONX,2080.0,109819.84,1195.5,100941.95,15339.81,226101.6,17
503,POLICE DEPARTMENT,MANHATTAN,2080.0,189344.57,238.85,8415.84,28335.56,226095.97,33
504,FIRE DEPARTMENT,QUEENS,2080.0,145729.88,816.98,62389.97,14247.49,222367.34,31
506,POLICE DEPARTMENT,MANHATTAN,2080.0,132288.0,772.0,74401.93,19370.28,226060.21,10
507,POLICE DEPARTMENT,MANHATTAN,2122.75,138020.98,1111.97,66048.02,21980.62,226049.62,23
508,FIRE DEPARTMENT,MANHATTAN,2080.0,145480.63,852.18,64997.18,15565.02,226042.83,28
509,POLICE DEPARTMENT,BROOKLYN,2080.0,147066.63,618.25,58290.68,20671.61,226028.92,35
513,DEPARTMENT OF SANITATION,MANHATTAN,2080.0,110717.69,1226.0,106222.31,9032.89,225972.89,32
516,POLICE DEPARTMENT,MANHATTAN,2080.0,189344.57,202.5,7135.05,29455.97,225935.59,30
519,DEPARTMENT OF SANITATION,BROOKLYN,2080.0,85022.26,1544.0,109761.58,31006.6,225790.44,32
520,FIRE DEPARTMENT,QUEENS,2080.0,146527.13,765.35,65073.73,14164.17,225765.03,27
523,FIRE DEPARTMENT,BROOKLYN,2080.0,146527.13,785.53,62404.04,16627.16,225558.33,23
524,POLICE DEPARTMENT,BROOKLYN,2080.0,189344.57,202.5,7135.05,28939.64,225419.26,30
525,DEPARTMENT OF SANITATION,BRONX,2080.0,134594.25,784.0,82656.1,8163.26,225413.61,16
528,FIRE DEPARTMENT,QUEENS,2080.0,145729.88,791.25,66065.89,13546.95,225342.72,24
530,POLICE DEPARTMENT,MANHATTAN,2080.0,189344.57,202.5,7306.08,28655.75,225306.4,38
535,POLICE DEPARTMENT,MANHATTAN,2080.0,189344.57,270.0,9513.4,26302.86,225160.83,25
536,POLICE DEPARTMENT,MANHATTAN,2080.0,189344.57,270.0,9513.4,26241.59,225099.56,38
537,POLICE DEPARTMENT,BRONX,2080.0,147066.63,763.82,52365.94,25660.42,225092.99,24
540,POLICE DEPARTMENT,MANHATTAN,2080.0,189344.57,268.25,9451.74,26178.42,224974.73,33
541,FIRE DEPARTMENT,BROOKLYN,2080.0,123806.33,1365.5,88452.52,12680.67,224939.52,22
543,POLICE DEPARTMENT,MANHATTAN,2080.0,191953.88,270.0,9634.72,23162.37,224750.97,25
544,FIRE DEPARTMENT,BRONX,2080.0,146527.13,837.13,61441.81,16771.38,224740.32,26
545,FIRE DEPARTMENT,QUEENS,2080.0,146527.13,761.52,64269.41,13910.65,224707.19,23
546,DEPARTMENT OF SANITATION,BRONX,2080.0,85022.26,1297.0,93414.51,46177.38,224614.15,26
547,DEPARTMENT OF SANITATION,BROOKLYN,2080.0,110309.14,1144.0,98616.32,15680.95,224606.41,17
548,POLICE DEPARTMENT,MANHATTAN,1200.0,49072.05,33.92,2336.37,173180.48,224588.9,21
550,POLICE DEPARTMENT,MANHATTAN,2080.0,189344.57,270.0,9501.43,25724.53,224570.53,21
551,POLICE DEPARTMENT,BRONX,2080.0,189344.57,166.85,5878.93,29343.97,224567.47,27
552,POLICE DEPARTMENT,MANHATTAN,2080.0,135564.44,1013.08,61520.14,27448.98,224533.56,31
554,FIRE DEPARTMENT,QUEENS,2080.0,145981.57,883.97,65097.05,13395.57,224474.19,20
557,POLICE DEPARTMENT,MANHATTAN,2080.0,191953.88,270.0,9634.72,22829.91,224418.51,28
563,DEPARTMENT OF SANITATION,BROOKLYN,2080.0,85311.84,1323.5,94202.08,44801.11,224315.03,26
564,FIRE DEPARTMENT,MANHATTAN,2080.0,102904.44,1539.0,75859.25,45541.57,224305.26,14
565,POLICE DEPARTMENT,MANHATTAN,2080.0,179819.41,270.0,9797.88,34663.68,224280.97,34
566,FIRE DEPARTMENT,MANHATTAN,2080.0,145986.35,819.52,61194.58,17043.28,224224.21,30
567,FIRE DEPARTMENT,QUEENS,2080.0,145480.63,739.93,62097.13,16635.96,224213.72,23
568,POLICE DEPARTMENT,QUEENS,2080.0,179819.41,270.0,9785.9,34597.55,224202.86,21
570,FIRE DEPARTMENT,QUEENS,2080.0,146527.13,835.37,63852.97,13700.54,224080.64,37
571,FIRE DEPARTMENT,BROOKLYN,2080.0,145729.88,825.05,60198.29,18113.16,224041.33,29
572,DEPARTMENT OF SANITATION,QUEENS,2080.0,110717.69,1165.5,97713.23,15604.9,224035.82,18
575,FIRE DEPARTMENT,QUEENS,1820.0,100627.8,1082.5,119703.06,3483.27,223814.13,7
577,POLICE DEPARTMENT,BRONX,2080.0,189344.57,270.0,9513.4,24890.52,223748.49,27
578,POLICE DEPARTMENT,BROOKLYN,2080.0,137292.44,707.58,64700.76,21735.95,223729.15,24
579,DEPARTMENT OF SANITATION,BROOKLYN,2080.0,134594.25,750.5,76935.0,12167.58,223696.83,22
580,FIRE DEPARTMENT,QUEENS,2080.0,120854.8,915.0,86816.29,15985.49,223656.58,26
581,DEPARTMENT OF SANITATION,BROOKLYN,2080.0,134594.25,728.0,78185.59,10868.54,223648.38,23
582,POLICE DEPARTMENT,MANHATTAN,2080.0,132288.0,553.0,54301.68,36950.2,223539.88,15
583,FIRE DEPARTMENT,QUEENS,2080.0,127655.43,759.58,64057.84,31810.04,223523.31,28
584,DEPARTMENT OF SANITATION,MANHATTAN,2080.0,109846.94,1274.25,107110.48,6535.9,223493.32,15
586,DEPARTMENT OF SANITATION,BROOKLYN,2080.0,85022.26,1522.0,109461.6,28965.72,223449.58,32
589,DEPARTMENT OF SANITATION,MANHATTAN,2080.0,134594.25,753.5,77713.68,11059.14,223367.07,29
591,DEPARTMENT OF SANITATION,QUEENS,2080.0,105154.83,1336.0,106456.19,11707.98,223319.0,10
593,FIRE DEPARTMENT,MANHATTAN,2080.0,127542.71,915.95,65073.0,30700.07,223315.78,17
596,FIRE DEPARTMENT,BRONX,2080.0,146527.13,783.12,60730.69,16025.5,223283.32,26
597,POLICE DEPARTMENT,BROOKLYN,2080.0,189344.57,202.5,7135.05,26796.66,223276.28,24
598,POLICE DEPARTMENT,BROOKLYN,2080.0,147066.63,631.25,56236.56,19958.86,223262.05,26
599,POLICE DEPARTMENT,MANHATTAN,2080.0,179819.41,241.42,8760.63,34663.68,223243.72,34
602,POLICE DEPARTMENT,MANHATTAN,2080.0,135653.61,655.0,60423.57,27126.09,223203.27,20
603,DEPARTMENT OF SANITATION,MANHATTAN,2080.0,134594.25,695.5,76726.91,11819.89,223141.05,22
604,FIRE DEPARTMENT,QUEENS,2080.0,146527.13,726.38,58447.45,16774.22,221748.8,32
605,DEPARTMENT OF SANITATION,MANHATTAN,2080.0,134594.25,738.5,79334.83,9207.9,223136.98,21
607,FIRE DEPARTMENT,BRONX,2080.0,127655.43,768.17,63745.95,31590.09,222991.47,28
608,POLICE DEPARTMENT,QUEENS,2080.0,147066.63,733.42,52042.8,23820.1,222929.53,25
610,DEPARTMENT OF SANITATION,BRONX,2080.0,110730.26,1133.0,96669.81,15402.57,222802.64,18
611,POLICE DEPARTMENT,MANHATTAN,2080.0,189344.57,270.0,9708.88,23697.07,222750.52,30
612,DEPARTMENT OF SANITATION,MANHATTAN,2080.0,110726.63,1108.48,93620.68,18390.0,222737.31,28
613,POLICE DEPARTMENT,MANHATTAN,2122.08,150444.4,715.5,48468.57,23822.82,222735.79,36
614,FIRE DEPARTMENT,BRONX,2080.0,146527.13,732.07,60421.98,15760.49,222709.6,25
616,POLICE DEPARTMENT,MANHATTAN,2080.0,189344.57,202.5,7135.05,26201.88,222681.5,23
618,POLICE DEPARTMENT,BROOKLYN,2080.0,189344.57,270.0,9513.4,23694.19,222552.16,31
619,DEPARTMENT OF SANITATION,MANHATTAN,2080.0,85022.26,1386.0,98608.24,38823.35,222453.85,23
620,FIRE DEPARTMENT,MANHATTAN,2080.0,146651.64,860.98,61800.52,13976.89,222429.05,21
621,POLICE DEPARTMENT,MANHATTAN,2080.0,147066.63,546.75,57128.98,18164.94,222360.55,23
622,POLICE DEPARTMENT,BROOKLYN,2080.0,189344.57,270.0,9513.4,23460.61,222318.58,24
623,POLICE DEPARTMENT,BRONX,2113.67,149874.51,787.5,49132.46,23263.44,222270.41,36
624,FIRE DEPARTMENT,QUEENS,2080.0,146527.13,768.25,58398.74,17342.42,222268.29,36
625,POLICE DEPARTMENT,BRONX,2080.0,179819.41,270.0,9705.28,32735.94,222260.63,31
626,POLICE DEPARTMENT,MANHATTAN,2080.0,189344.57,202.5,7135.05,25769.18,222248.8,23
629,DEPARTMENT OF SANITATION,BROOKLYN,2080.0,134594.25,623.0,67730.0,19820.6,222144.85,34
632,DEPARTMENT OF SANITATION,BROOKLYN,2080.0,134594.25,666.5,76891.59,10623.91,222109.75,22
634,POLICE DEPARTMENT,MANHATTAN,2080.0,135564.44,968.97,58675.03,27851.06,222090.53,29
635,FIRE DEPARTMENT,QUEENS,2080.0,146527.13,785.63,58431.47,17059.36,222017.96,24
637,POLICE DEPARTMENT,BROOKLYN,2080.0,189344.57,260.88,9192.18,23391.78,221928.53,28
638,POLICE DEPARTMENT,BROOKLYN,2080.0,149166.34,544.08,46436.42,26220.23,221822.99,17
639,FIRE DEPARTMENT,QUEENS,2080.0,145986.35,776.48,57791.39,18045.24,221822.98,31
640,POLICE DEPARTMENT,MANHATTAN,2080.0,189344.57,202.5,7135.05,25342.93,221822.55,28
641,POLICE DEPARTMENT,MANHATTAN,2080.0,189344.57,240.65,8604.62,23870.01,221819.2,28
643,POLICE DEPARTMENT,QUEENS,2080.0,147017.44,827.17,55436.7,19314.07,221768.21,17
645,DEPARTMENT OF SANITATION,QUEENS,2080.0,134594.25,692.0,75398.53,11733.7,221726.48,22
647,POLICE DEPARTMENT,MANHATTAN,2080.0,189344.57,270.0,9465.52,22879.98,221690.07,22
648,POLICE DEPARTMENT,MANHATTAN,2080.0,147066.63,596.42,51941.11,22667.48,221675.22,24
649,DEPARTMENT OF SANITATION,QUEENS,2080.0,110726.63,1057.0,92794.43,18150.96,221672.02,22
650,FIRE DEPARTMENT,MANHATTAN,2080.0,131370.39,1029.02,74886.23,15372.27,221628.89,30
651,FIRE DEPARTMENT,MANHATTAN,2080.0,138756.7,898.02,70432.17,12437.21,221626.08,19
652,POLICE DEPARTMENT,BROOKLYN,2080.0,147066.63,536.75,54500.67,19870.12,221437.42,25
653,POLICE DEPARTMENT,MANHATTAN,2122.08,150273.05,697.25,44591.75,26505.45,221370.25,21
654,DEPARTMENT OF SANITATION,BROOKLYN,2080.0,134594.25,702.0,75905.77,10868.64,221368.66,22
656,POLICE DEPARTMENT,BROOKLYN,2080.0,147066.63,684.0,48517.75,25683.38,221267.76,23
657,POLICE DEPARTMENT,QUEENS,2123.75,148898.62,778.25,48084.76,24247.84,221231.22,25
658,POLICE DEPARTMENT,MANHATTAN,2080.0,189344.57,67.5,2378.35,29471.62,221194.54,34
662,FIRE DEPARTMENT,MANHATTAN,2080.0,146527.13,669.0,61338.23,13271.97,221137.33,26
663,DEPARTMENT OF SANITATION,BROOKLYN,2080.0,85022.26,1330.0,93969.39,42125.95,221117.6,35
664,DEPARTMENT OF SANITATION,MANHATTAN,2080.0,134218.97,700.0,75841.02,11051.72,221111.71,21
667,FIRE DEPARTMENT,BROOKLYN,2080.0,146527.13,743.38,55562.1,18899.34,220988.57,33
669,FIRE DEPARTMENT,QUEENS,2080.0,146527.13,416.33,39980.96,34366.07,220874.16,31
670,FIRE DEPARTMENT,QUEENS,2080.0,133057.6,648.75,58796.77,29001.33,220855.7,29
671,POLICE DEPARTMENT,QUEENS,2080.0,179819.41,295.75,10344.01,30691.88,220855.3,33
672,DEPARTMENT OF SANITATION,QUEENS,2080.0,85019.17,1183.0,82066.79,53768.98,220854.94,29
673,POLICE DEPARTMENT,BROOKLYN,2080.0,147066.63,665.58,49914.96,23845.83,220827.42,26
674,FIRE DEPARTMENT,MANHATTAN,2080.0,145729.88,820.6,61890.77,13198.21,220818.86,17
677,POLICE DEPARTMENT,QUEENS,2122.08,150408.57,746.42,46527.02,23814.76,220750.35,24
678,FIRE DEPARTMENT,MANHATTAN,2080.0,146527.13,771.47,61577.36,12588.69,220693.18,20
680,POLICE DEPARTMENT,MANHATTAN,2080.0,179819.41,270.0,9744.12,31103.23,220666.76,28
681,POLICE DEPARTMENT,MANHATTAN,2080.0,133415.36,873.0,68384.3,18814.17,220613.83,16
683,POLICE DEPARTMENT,MANHATTAN,2080.0,189344.57,114.63,4190.52,27053.68,220588.77,38
684,FIRE DEPARTMENT,BRONX,2080.0,146527.13,700.5,57751.08,16309.55,220587.76,37
685,POLICE DEPARTMENT,MANHATTAN,2080.0,147017.44,580.45,58728.56,14840.32,220586.32,13
686,POLICE DEPARTMENT,MANHATTAN,2123.75,138893.98,876.25,58853.5,22819.67,220567.15,24
687,POLICE DEPARTMENT,QUEENS,2080.0,189344.57,135.0,4756.7,26430.64,220531.91,32
691,FIRE DEPARTMENT,BROOKLYN,2080.0,146527.13,383.4,38180.34,35757.94,220465.41,34
692,FIRE DEPARTMENT,BROOKLYN,2080.0,138756.7,860.5,63396.69,15880.58,218033.97,17
693,POLICE DEPARTMENT,BROOKLYN,2080.0,147066.63,665.25,45031.59,28318.84,220417.06,24
694,FIRE DEPARTMENT,BROOKLYN,2080.0,122480.81,891.25,75661.37,22258.15,220400.33,14
700,POLICE DEPARTMENT,MANHATTAN,2080.0,132288.0,601.25,58270.32,29809.73,220368.05,15
702,FIRE DEPARTMENT,BROOKLYN,2080.0,146527.13,762.05,60418.97,13380.33,220326.43,30
703,FIRE DEPARTMENT,QUEENS,2080.0,127655.43,1196.72,80139.29,12518.07,220312.79,28
706,DEPARTMENT OF SANITATION,MANHATTAN,2080.0,134594.25,665.5,74115.92,11569.52,220279.69,22
710,POLICE DEPARTMENT,MANHATTAN,2080.0,147066.63,657.83,49099.27,23915.91,220081.81,31
711,DEPARTMENT OF SANITATION,MANHATTAN,2080.0,134594.25,597.0,65597.54,19889.64,220081.43,33
712,POLICE DEPARTMENT,MANHATTAN,2080.0,179819.41,202.5,7278.96,32886.37,219984.74,38
715,POLICE DEPARTMENT,BROOKLYN,2123.75,136855.4,939.47,59760.03,23268.48,219883.91,17
719,FIRE DEPARTMENT,BROOKLYN,1902.88,117629.88,1337.12,88955.11,13127.83,219712.82,21
720,DEPARTMENT OF SANITATION,BROOKLYN,2080.0,110309.14,1044.0,90465.06,18925.22,219699.42,22
721,POLICE DEPARTMENT,MANHATTAN,2080.0,147066.63,606.88,47993.66,24637.29,219697.58,27
722,DEPARTMENT OF SANITATION,QUEENS,2080.0,110300.19,1112.0,94343.58,15052.47,219696.24,17
723,DEPARTMENT OF SANITATION,BROOKLYN,2080.0,110458.46,1181.0,99863.81,9328.94,219651.21,20
724,POLICE DEPARTMENT,MANHATTAN,2122.75,150484.87,500.43,47949.95,21212.47,219647.29,25
725,FIRE DEPARTMENT,BROOKLYN,2080.0,132661.75,1019.55,73281.91,13668.63,219612.29,21
727,POLICE DEPARTMENT,BRONX,2080.0,179819.41,135.0,4898.94,34790.67,219509.02,38
728,POLICE DEPARTMENT,MANHATTAN,2080.0,147066.63,647.38,50817.74,21587.99,219472.36,28
729,DEPARTMENT OF SANITATION,BRONX,2080.0,84983.45,1377.0,94477.19,39880.92,219341.56,15
731,DEPARTMENT OF SANITATION,BROOKLYN,2080.0,110309.13,1166.0,96913.72,12093.6,219316.45,17
733,DEPARTMENT OF SANITATION,BRONX,2080.0,85022.26,1385.0,94802.96,39402.34,219227.56,15
734,FIRE DEPARTMENT,BRONX,2080.0,145981.57,836.93,60263.94,12876.01,219121.52,19
737,POLICE DEPARTMENT,BRONX,2080.0,179819.41,250.03,8571.69,30693.44,219084.54,31
738,DEPARTMENT OF SANITATION,BRONX,1784.0,115817.09,631.5,68336.73,34925.08,219078.9,22
739,POLICE DEPARTMENT,MANHATTAN,2076.0,146771.67,535.17,50970.08,21274.57,219016.32,23
740,POLICE DEPARTMENT,QUEENS,2122.92,150359.28,578.08,45115.85,23531.44,219006.57,28
741,POLICE DEPARTMENT,MANHATTAN,2080.0,189344.57,202.5,7135.05,22525.51,219005.13,35
742,DEPARTMENT OF SANITATION,BROOKLYN,2080.0,110686.4,1058.0,91522.42,16767.3,218976.12,24
744,DEPARTMENT OF SANITATION,BROOKLYN,2080.0,134594.25,694.0,72384.39,11777.68,218756.32,16
745,FIRE DEPARTMENT,MANHATTAN,2080.0,127655.43,779.4,62931.18,28080.21,218666.82,26
746,POLICE DEPARTMENT,MANHATTAN,2122.75,128058.34,1011.0,70328.92,20277.52,218664.78,27
747,FIRE DEPARTMENT,BROOKLYN,2080.0,146527.13,875.97,58815.46,13223.95,218566.54,40
748,FIRE DEPARTMENT,MANHATTAN,2080.0,146527.13,670.15,54943.8,17093.45,218564.38,38
749,FIRE DEPARTMENT,MANHATTAN,2080.0,145729.88,737.15,58230.66,14565.11,218525.65,26
750,FIRE DEPARTMENT,MANHATTAN,2080.0,127655.43,751.5,60605.57,30239.03,218500.03,19
752,POLICE DEPARTMENT,MANHATTAN,2080.0,179819.41,270.0,9008.0,29648.91,218476.32,17
753,FIRE DEPARTMENT,MANHATTAN,2080.0,146527.13,769.5,59514.88,12412.89,218454.9,20
757,FIRE DEPARTMENT,QUEENS,2080.0,127655.43,820.22,65290.98,25363.4,218309.81,22
758,FIRE DEPARTMENT,QUEENS,2080.0,127655.43,760.12,58295.86,32358.06,218309.35,32
759,DEPARTMENT OF SANITATION,BROOKLYN,2080.0,84750.59,1438.0,101460.11,32077.58,218288.28,20
762,FIRE DEPARTMENT,MANHATTAN,2080.0,145480.63,748.03,57019.35,15668.06,218168.04,16
763,FIRE DEPARTMENT,BROOKLYN,2080.0,146527.13,726.57,57995.65,13597.03,218119.81,28
765,FIRE DEPARTMENT,MANHATTAN,2080.0,145981.57,701.65,54252.57,17769.24,218003.38,26
766,POLICE DEPARTMENT,BROOKLYN,2080.0,160212.08,521.83,34504.39,23282.19,217998.66,13
768,POLICE DEPARTMENT,QUEENS,2080.0,147066.63,683.25,42737.17,28155.96,217959.76,23
771,POLICE DEPARTMENT,BRONX,2080.0,147066.63,446.0,43347.33,27486.57,217900.53,26
774,DEPARTMENT OF SANITATION,QUEENS,2080.0,85022.26,1448.0,104227.33,28630.87,217880.46,35
775,POLICE DEPARTMENT,MANHATTAN,2080.0,147066.63,535.0,49616.32,21196.53,217879.48,33
776,DEPARTMENT OF SANITATION,MANHATTAN,2080.0,134594.25,685.5,73373.01,9898.25,217865.51,18
779,POLICE DEPARTMENT,MANHATTAN,2025.55,143336.54,491.25,50735.04,23578.63,217650.21,28
780,FIRE DEPARTMENT,MANHATTAN,2080.0,127655.43,652.32,58097.5,31856.5,217609.43,36
781,DEPARTMENT OF SANITATION,QUEENS,2080.0,108986.16,1168.0,96161.2,12434.08,217581.44,9
782,POLICE DEPARTMENT,MANHATTAN,1971.43,139306.91,812.5,52452.18,25820.88,217579.97,25
784,POLICE DEPARTMENT,MANHATTAN,2080.0,133691.63,945.67,57259.87,26557.17,217508.67,25
785,POLICE DEPARTMENT,MANHATTAN,2080.0,189344.57,135.0,4756.7,23375.39,217476.66,37
786,POLICE DEPARTMENT,MANHATTAN,2080.0,147066.63,690.17,46713.47,23695.39,217475.49,26
787,FIRE DEPARTMENT,BRONX,2080.0,146527.13,628.12,53628.81,16624.11,216780.05,28
790,FIRE DEPARTMENT,BROOKLYN,2080.0,131976.23,929.15,69958.62,15430.82,217365.67,25
791,DEPARTMENT OF SANITATION,BRONX,2080.0,108514.01,1124.0,94382.51,14458.68,217355.2,18
792,POLICE DEPARTMENT,QUEENS,2080.0,147066.63,707.17,46746.35,23507.97,217320.95,27
794,POLICE DEPARTMENT,MANHATTAN,2080.0,179819.41,270.0,9055.88,28392.43,217267.72,24
795,FIRE DEPARTMENT,MANHATTAN,2080.0,146527.13,734.65,55341.39,15364.38,217232.9,23
796,FIRE DEPARTMENT,MANHATTAN,2080.0,146651.64,722.23,56661.05,13912.55,217225.24,23
797,DEPARTMENT OF SANITATION,BROOKLYN,2080.0,110380.01,1110.0,92791.41,13930.6,217102.02,10
798,POLICE DEPARTMENT,MANHATTAN,2080.0,147066.63,746.67,47200.01,22802.32,217068.96,22
799,DEPARTMENT OF SANITATION,MANHATTAN,2080.0,110726.63,1105.0,96450.34,9881.71,217058.68,22
801,FIRE DEPARTMENT,BRONX,2080.0,146527.13,810.7,57337.45,13189.9,217054.48,20
802,POLICE DEPARTMENT,MANHATTAN,2080.0,147066.63,462.4,50107.37,19878.57,217052.57,23
804,FIRE DEPARTMENT,BRONX,2080.0,146527.13,669.0,54863.79,15579.9,216970.82,26
805,POLICE DEPARTMENT,MANHATTAN,2080.0,179819.41,67.5,2449.47,34663.68,216932.56,30
806,POLICE DEPARTMENT,MANHATTAN,2080.0,125177.74,1300.0,68976.06,22755.56,216909.36,28
807,DEPARTMENT OF SANITATION,QUEENS,2080.0,84711.78,1253.0,87343.98,44851.85,216907.61,22
808,POLICE DEPARTMENT,MANHATTAN,2080.0,147066.63,543.5,48599.44,21158.15,216824.22,30
809,FIRE DEPARTMENT,QUEENS,2080.0,138756.7,873.77,61348.84,16706.07,216811.61,23
813,DEPARTMENT OF SANITATION,QUEENS,2080.0,134594.25,561.25,60882.41,21296.5,216773.16,21
817,POLICE DEPARTMENT,MANHATTAN,2080.0,147066.63,524.08,46873.36,22713.94,216653.93,25
818,DEPARTMENT OF SANITATION,MANHATTAN,2080.0,85086.15,1269.0,92368.5,39186.47,216641.12,31
820,FIRE DEPARTMENT,QUEENS,2080.0,146527.13,664.12,52834.67,17247.27,216609.07,28
821,FIRE DEPARTMENT,BROOKLYN,2080.0,146527.13,665.32,54043.66,16037.59,216608.38,28
822,POLICE DEPARTMENT,MANHATTAN,2080.0,179819.41,270.0,9445.4,27325.23,216590.04,27
824,FIRE DEPARTMENT,QUEENS,2080.0,146527.13,738.95,52962.41,17047.74,216537.28,25
825,POLICE DEPARTMENT,MANHATTAN,2122.08,150294.02,455.08,45744.44,20496.25,216534.71,28
826,FIRE DEPARTMENT,BROOKLYN,2080.0,145986.35,815.13,56549.01,13989.4,216524.76,27
827,DEPARTMENT OF SANITATION,QUEENS,2080.0,85022.26,1327.07,91650.29,39837.77,216510.32,21
831,FIRE DEPARTMENT,MANHATTAN,2080.0,127655.43,1051.25,72741.48,15985.72,216382.63,23
833,POLICE DEPARTMENT,MANHATTAN,2080.0,147066.63,512.75,48508.24,20690.15,216265.02,24
834,DEPARTMENT OF SANITATION,BROOKLYN,2080.0,84939.64,1345.0,92314.23,38982.58,216236.45,18
836,POLICE DEPARTMENT,MANHATTAN,1992.32,140898.91,497.98,55578.12,19751.58,216228.61,25
839,FIRE DEPARTMENT,BROOKLYN,2080.0,127655.43,1129.3,71709.78,16785.99,216151.2,36
840,FIRE DEPARTMENT,BROOKLYN,2080.0,127655.43,1194.0,76359.08,12135.79,216150.3,28
842,DEPARTMENT OF SANITATION,BROOKLYN,2080.0,84862.37,1400.0,101181.46,30021.5,216065.33,29
843,POLICE DEPARTMENT,QUEENS,2080.0,179819.41,270.0,9008.0,27194.78,216022.19,18
844,POLICE DEPARTMENT,MANHATTAN,2080.0,147066.63,667.25,41645.82,27301.22,216013.67,19
845,POLICE DEPARTMENT,MANHATTAN,2080.0,179819.41,270.0,9635.44,26515.39,215970.24,23
846,FIRE DEPARTMENT,MANHATTAN,2080.0,146527.13,782.25,55762.43,13630.43,215919.99,37
847,POLICE DEPARTMENT,MANHATTAN,2080.0,132288.0,545.0,54031.38,29571.6,215890.98,8
849,POLICE DEPARTMENT,MANHATTAN,2080.0,189344.57,67.5,2378.35,24140.34,215863.26,39
850,FIRE DEPARTMENT,QUEENS,2080.0,138756.7,746.67,62798.42,14248.17,215803.29,24
851,POLICE DEPARTMENT,MANHATTAN,2122.08,150231.95,438.42,45176.99,20391.75,215800.69,30
854,FIRE DEPARTMENT,QUEENS,2080.0,127655.43,1086.1,71418.5,16595.92,215669.85,26
855,POLICE DEPARTMENT,BROOKLYN,2080.0,142541.92,782.92,49379.99,23740.85,215662.76,23
856,POLICE DEPARTMENT,MANHATTAN,2122.5,149512.49,560.0,46154.07,19982.87,215649.43,18
860,FIRE DEPARTMENT,QUEENS,2080.0,145729.88,670.18,51056.85,18785.87,215572.6,26
863,FIRE DEPARTMENT,MANHATTAN,2080.0,127655.43,656.37,54970.18,32892.04,215517.65,31
864,POLICE DEPARTMENT,BRONX,2080.0,134273.03,960.25,54636.43,26602.03,215511.49,18
866,DEPARTMENT OF SANITATION,BROOKLYN,2080.0,85022.26,1429.0,99539.68,30923.41,215485.35,20
867,DEPARTMENT OF SANITATION,QUEENS,2080.0,134594.25,641.0,70274.97,10607.17,215476.39,22
868,FIRE DEPARTMENT,BRONX,2080.0,145908.28,797.22,52966.68,16599.73,215474.69,19
872,POLICE DEPARTMENT,BROOKLYN,2080.0,189344.57,67.5,2378.35,23663.68,215386.6,31
873,FIRE DEPARTMENT,BROOKLYN,2080.0,127655.43,657.02,57901.17,29822.89,215379.49,16
875,FIRE DEPARTMENT,BRONX,2080.0,146527.13,731.73,54189.24,14617.08,215333.45,28
876,FIRE DEPARTMENT,BRONX,2080.0,127655.43,800.3,63051.15,24609.74,215316.32,26
877,FIRE DEPARTMENT,QUEENS,1820.0,103029.5,1210.0,104158.67,8065.95,215254.12,6
879,POLICE DEPARTMENT,BROOKLYN,2080.0,145942.99,623.92,50705.06,18593.72,215241.77,12
880,POLICE DEPARTMENT,MANHATTAN,2080.0,179819.41,270.0,8996.03,26403.97,215219.41,17
881,POLICE DEPARTMENT,MANHATTAN,2122.08,145524.2,737.0,48102.22,21589.49,215215.91,28
882,DEPARTMENT OF SANITATION,BRONX,2080.0,110726.63,1069.0,91594.53,12872.94,215194.1,21
885,FIRE DEPARTMENT,BROOKLYN,2080.0,139600.07,768.67,62883.09,12628.53,215111.69,34
886,DEPARTMENT OF SANITATION,BROOKLYN,2080.0,110264.44,1035.0,87647.59,17186.42,215098.45,26
887,FIRE DEPARTMENT,QUEENS,2080.0,146527.13,637.63,52373.05,16166.2,215066.38,34
889,DEPARTMENT OF SANITATION,QUEENS,2080.0,85022.26,1405.0,99601.12,30437.21,215060.59,26
890,POLICE DEPARTMENT,MANHATTAN,2080.0,179819.41,254.63,8540.48,26668.85,215028.74,27
893,DEPARTMENT OF SANITATION,MANHATTAN,2080.0,85022.26,1367.0,96636.21,33278.7,214937.17,26
895,FIRE DEPARTMENT,QUEENS,2080.0,138756.7,777.2,60183.37,15976.84,214916.91,20
898,FIRE DEPARTMENT,BROOKLYN,2080.0,146527.13,766.75,54671.2,13537.83,214736.16,23
900,DEPARTMENT OF SANITATION,QUEENS,2080.0,134218.97,673.5,71816.73,8665.17,214700.87,18
903,DEPARTMENT OF SANITATION,QUEENS,2080.0,132288.0,605.5,58861.8,23514.9,214664.7,15
904,POLICE DEPARTMENT,MANHATTAN,2122.08,150418.16,446.08,41524.19,22638.29,214580.64,27
907,POLICE DEPARTMENT,MANHATTAN,2080.0,179819.41,107.75,3834.77,30734.61,214388.79,31
915,FIRE DEPARTMENT,BROOKLYN,2080.0,146527.13,716.23,54000.92,13773.95,214302.0,28
916,POLICE DEPARTMENT,MANHATTAN,2080.0,147066.63,561.62,44717.5,22517.84,214301.97,25
917,DEPARTMENT OF SANITATION,QUEENS,2080.0,85006.35,1368.5,95282.2,34000.05,214288.6,22
918,DEPARTMENT OF SANITATION,QUEENS,2080.0,109896.83,1184.0,97822.8,6531.24,214250.87,10
920,FIRE DEPARTMENT,BROOKLYN,2080.0,146527.13,874.0,54908.13,12798.48,214233.74,37
921,DEPARTMENT OF SANITATION,QUEENS,2080.0,134594.25,592.5,63649.11,15929.92,214173.28,17
922,FIRE DEPARTMENT,BROOKLYN,2080.0,146527.13,670.97,50047.25,17588.33,214162.71,23
923,FIRE DEPARTMENT,QUEENS,2080.0,127655.43,1150.65,71126.03,15332.02,214113.48,21
925,FIRE DEPARTMENT,QUEENS,1820.0,105414.4,832.5,95654.88,12992.55,214061.83,26
926,POLICE DEPARTMENT,MANHATTAN,2122.92,150231.33,413.92,43928.37,19895.46,214055.16,23
927,POLICE DEPARTMENT,MANHATTAN,2080.0,179819.41,270.0,9055.88,25175.1,214050.39,27
928,FIRE DEPARTMENT,QUEENS,2080.0,127470.0,1056.33,72513.59,14021.49,214005.08,20
929,DEPARTMENT OF SANITATION,BRONX,2080.0,110726.63,1056.0,93171.74,10090.66,213989.03,23
930,POLICE DEPARTMENT,QUEENS,2080.0,147066.63,505.92,47445.99,19461.28,213973.9,22
931,FIRE DEPARTMENT,QUEENS,2080.0,146527.13,645.02,50173.42,17269.29,213969.84,28
932,POLICE DEPARTMENT,BRONX,2080.0,147066.63,555.83,37100.16,29748.86,213915.65,27
933,DEPARTMENT OF SANITATION,QUEENS,2080.0,134594.25,630.5,68727.87,10588.15,213910.27,21
934,FIRE DEPARTMENT,BROOKLYN,2080.0,145986.35,755.37,54819.76,13085.14,213891.25,20
935,DEPARTMENT OF SANITATION,BROOKLYN,2080.0,85015.6,1311.5,90797.08,38068.88,213881.56,18
936,POLICE DEPARTMENT,MANHATTAN,2080.0,133691.63,553.5,55232.91,24952.18,213876.72,20
937,POLICE DEPARTMENT,QUEENS,2080.0,96122.39,230.13,9307.29,108445.5,213875.18,11
938,POLICE DEPARTMENT,BROOKLYN,2080.0,147066.63,459.33,47651.25,19120.64,213838.52,25
939,FIRE DEPARTMENT,QUEENS,2080.0,146527.13,661.07,53199.19,14102.11,213828.43,22
940,POLICE DEPARTMENT,MANHATTAN,2080.0,133691.63,890.17,53572.93,26555.33,213819.89,23
941,POLICE DEPARTMENT,MANHATTAN,2080.0,147066.63,447.25,46660.11,20089.49,213816.23,27
943,FIRE DEPARTMENT,MANHATTAN,2080.0,127655.43,788.43,64374.83,21780.91,213811.17,30
945,POLICE DEPARTMENT,MANHATTAN,2080.0,147066.63,438.17,47251.66,19473.15,213791.44,28
946,FIRE DEPARTMENT,QUEENS,2080.0,127655.43,731.47,59070.12,27054.75,213780.3,29
949,DEPARTMENT OF SANITATION,QUEENS,2080.0,85022.26,1296.0,91023.65,37549.67,213595.58,21
951,FIRE DEPARTMENT,MANHATTAN,2080.0,145729.88,661.2,54897.75,12919.94,213547.57,19
952,DEPARTMENT OF SANITATION,BROOKLYN,2080.0,84705.12,1333.0,93330.64,35473.45,213509.21,17
953,POLICE DEPARTMENT,MANHATTAN,2080.0,179819.41,17.5,586.96,33089.26,213495.63,23
954,POLICE DEPARTMENT,MANHATTAN,2115.75,136343.59,807.0,46609.18,30535.36,213488.13,23
955,POLICE DEPARTMENT,BROOKLYN,2080.0,179819.41,135.0,4504.0,29124.36,213447.77,21
956,POLICE DEPARTMENT,BROOKLYN,2080.0,134363.47,969.67,54920.06,24149.6,213433.13,20
957,DEPARTMENT OF SANITATION,BROOKLYN,2080.0,85022.26,1259.0,90814.51,37540.05,213376.82,24
959,POLICE DEPARTMENT,MANHATTAN,2007.8,129370.48,919.73,55927.71,28056.45,213354.64,25
962,DEPARTMENT OF SANITATION,BROOKLYN,2080.0,85022.26,1419.0,101299.67,27011.98,213333.91,23
963,DEPARTMENT OF SANITATION,BROOKLYN,2080.0,85022.26,1431.0,101410.87,26866.82,213299.95,22
967,POLICE DEPARTMENT,MANHATTAN,2080.0,147066.63,441.5,47425.84,18729.55,213222.02,22
968,FIRE DEPARTMENT,MANHATTAN,2080.0,127434.71,674.08,57408.61,28355.12,213198.44,17
971,FIRE DEPARTMENT,MANHATTAN,2080.0,102904.44,1830.0,90637.09,19616.8,213158.33,22
972,FIRE DEPARTMENT,MANHATTAN,2080.0,127655.43,961.2,71255.9,14241.21,213152.54,23
976,POLICE DEPARTMENT,MANHATTAN,2080.0,179819.41,67.5,2263.97,30970.39,213053.77,41
977,POLICE DEPARTMENT,MANHATTAN,2080.0,147066.63,398.67,43520.91,22464.87,213052.41,38
982,POLICE DEPARTMENT,MANHATTAN,2122.92,146988.58,467.57,45649.38,20334.9,212972.86,28
983,DEPARTMENT OF SANITATION,BROOKLYN,2080.0,110717.69,1052.0,92006.51,10199.2,212923.4,21
984,POLICE DEPARTMENT,QUEENS,2080.0,179819.41,67.5,2263.97,30823.05,212906.43,31
985,POLICE DEPARTMENT,BRONX,2132.75,138156.83,743.75,51074.32,23656.64,212887.79,27
987,FIRE DEPARTMENT,QUEENS,2080.0,146527.13,668.85,50778.33,15561.51,212866.97,26
988,DEPARTMENT OF SANITATION,MANHATTAN,2080.0,104312.76,1264.0,99325.83,9174.9,212813.49,13
989,FIRE DEPARTMENT,MANHATTAN,2080.0,145981.57,693.02,53460.97,13353.3,212795.84,26
990,POLICE DEPARTMENT,MANHATTAN,2080.0,182279.39,135.0,4527.94,25963.79,212771.12,25
991,POLICE DEPARTMENT,BROOKLYN,2080.0,170827.72,147.08,12683.48,29258.54,212769.74,26
993,FIRE DEPARTMENT,BROOKLYN,2080.0,146527.13,682.88,52370.78,13840.64,212738.55,25
994,FIRE DEPARTMENT,BRONX,2080.0,127434.71,962.82,71196.36,14106.17,212737.24,19
996,DEPARTMENT OF SANITATION,BROOKLYN,2080.0,85022.26,1347.5,96155.67,31518.39,212696.32,35
998,DEPARTMENT OF SANITATION,BROOKLYN,2080.0,109500.0,995.67,86386.11,16759.93,212646.04,31
1001,DEPARTMENT OF SANITATION,BROOKLYN,2144.0,107673.88,1220.5,99248.55,5675.01,212597.44,9
1006,POLICE DEPARTMENT,MANHATTAN,2080.0,133691.63,712.37,54043.06,24802.62,212537.31,27
1009,FIRE DEPARTMENT,MANHATTAN,2080.0,132661.75,738.0,59344.64,20431.86,212438.25,18
1010,DEPARTMENT OF SANITATION,MANHATTAN,2080.0,110431.95,1096.5,89263.52,12741.05,212436.52,10
1016,POLICE DEPARTMENT,MANHATTAN,2080.0,147346.13,479.6,41981.16,23026.43,212353.72,26
1017,POLICE DEPARTMENT,BRONX,2080.0,147066.63,472.92,41907.46,23353.81,212327.9,24
1018,FIRE DEPARTMENT,BROOKLYN,2080.0,95258.15,2062.77,98132.85,18935.96,212326.96,23
1019,FIRE DEPARTMENT,BROOKLYN,2080.0,146527.13,696.28,50968.84,14816.24,212312.21,28
1021,FIRE DEPARTMENT,QUEENS,2080.0,145981.57,724.62,49129.61,17175.92,212287.1,22
1022,POLICE DEPARTMENT,BRONX,2080.0,170827.72,270.0,9269.96,32181.72,212279.4,27
1023,POLICE DEPARTMENT,MANHATTAN,2080.0,170827.72,270.0,9269.96,32181.72,212279.4,32
1024,FIRE DEPARTMENT,MANHATTAN,2080.0,127655.43,1028.2,67518.62,17054.63,212228.68,39
1025,FIRE DEPARTMENT,MANHATTAN,2080.0,145986.35,705.7,52838.78,13395.09,212220.22,21
1026,FIRE DEPARTMENT,MANHATTAN,2080.0,138756.7,807.12,56898.7,16540.18,212195.58,20
1027,FIRE DEPARTMENT,QUEENS,2080.0,127648.35,737.1,53779.31,30705.93,212133.59,21
1028,FIRE DEPARTMENT,MANHATTAN,2080.0,146527.13,595.68,51570.67,14027.85,212125.65,27
1029,POLICE DEPARTMENT,MANHATTAN,1971.43,139306.91,521.25,51250.93,21517.72,212075.56,28
1030,FIRE DEPARTMENT,MANHATTAN,2080.0,127655.43,1023.25,67808.14,16608.39,212071.96,26
1031,POLICE DEPARTMENT,MANHATTAN,2080.0,179819.41,270.0,9008.0,23232.2,212059.61,18
1034,POLICE DEPARTMENT,MANHATTAN,2080.0,179819.41,270.0,9241.36,22945.08,212005.85,28
1037,POLICE DEPARTMENT,BROOKLYN,2123.75,128064.85,1119.67,58809.23,25109.54,211983.62,16
1038,FIRE DEPARTMENT,BROOKLYN,2080.0,146527.13,675.48,51773.58,13669.23,211969.94,31
1040,DEPARTMENT OF SANITATION,BROOKLYN,2080.0,85022.26,1293.0,90673.9,36190.72,211886.88,17
1041,DEPARTMENT OF SANITATION,BRONX,2080.0,110717.67,1094.0,93900.94,7254.95,211873.56,16
1042,FIRE DEPARTMENT,BROOKLYN,2080.0,145480.63,641.35,50255.61,16065.22,211801.46,17
1043,POLICE DEPARTMENT,BRONX,2080.0,133691.63,884.0,51646.66,26423.35,211761.64,16
1045,FIRE DEPARTMENT,BROOKLYN,2080.0,146527.13,632.92,48284.89,16872.53,211684.55,29
1046,FIRE DEPARTMENT,BROOKLYN,2080.0,146527.13,655.52,49199.24,15957.14,211683.51,41
1050,DEPARTMENT OF SANITATION,MANHATTAN,2080.0,85022.26,1319.0,93360.14,33276.26,211658.66,23
1051,POLICE DEPARTMENT,BRONX,2080.0,179819.41,268.28,8998.31,22838.85,211656.57,36
1055,FIRE DEPARTMENT,MANHATTAN,2080.0,145981.57,728.98,50432.78,15158.35,211572.7,32
1057,FIRE DEPARTMENT,MANHATTAN,2080.0,127575.8,1068.17,71055.22,12890.23,211521.25,20
1058,FIRE DEPARTMENT,QUEENS,2080.0,138756.7,885.82,57689.06,15020.81,211466.57,19
1059,FIRE DEPARTMENT,QUEENS,2080.0,124280.0,869.0,77787.34,9398.17,211465.51,3
1060,FIRE DEPARTMENT,BROOKLYN,2080.0,138881.21,761.33,57660.97,14908.88,211451.06,16
1061,DEPARTMENT OF SANITATION,QUEENS,2080.0,134081.33,618.5,66370.07,10970.95,211422.35,22
1062,POLICE DEPARTMENT,MANHATTAN,2121.25,128059.97,845.75,61710.04,21641.27,211411.28,27
1064,FIRE DEPARTMENT,MANHATTAN,2080.0,132661.75,631.42,57196.02,21488.71,211346.48,19
1065,POLICE DEPARTMENT,MANHATTAN,2127.67,150581.6,355.08,39638.89,21112.67,211333.16,23
1066,POLICE DEPARTMENT,MANHATTAN,2123.75,136313.36,748.75,58001.13,16974.87,211289.36,16
1067,FIRE DEPARTMENT,MANHATTAN,2080.0,146527.13,672.25,50420.2,14329.16,211276.49,33
1068,POLICE DEPARTMENT,MANHATTAN,2080.0,143945.18,500.25,45022.87,22275.55,211243.6,23
1069,FIRE DEPARTMENT,QUEENS,2080.0,145981.57,590.3,49002.77,16254.22,211238.56,21
1074,POLICE DEPARTMENT,MANHATTAN,2080.0,147066.63,412.25,45745.94,18369.96,211182.53,27
1075,FIRE DEPARTMENT,QUEENS,2080.0,146527.13,670.0,49724.69,14927.64,211179.46,28
1076,POLICE DEPARTMENT,MANHATTAN,2080.0,147066.63,420.42,45849.53,18234.61,211150.77,34
1077,FIRE DEPARTMENT,QUEENS,2080.0,146527.13,532.53,47594.41,17020.06,211141.6,30
1078,POLICE DEPARTMENT,MANHATTAN,2080.0,147066.63,423.58,43637.26,20401.07,211104.96,36
1080,FIRE DEPARTMENT,MANHATTAN,2080.0,146527.13,676.57,48452.54,16071.62,211051.29,31
1081,FIRE DEPARTMENT,QUEENS,2080.0,120854.8,808.5,74942.64,15234.99,211032.43,26
1082,POLICE DEPARTMENT,MANHATTAN,2080.0,147017.44,593.17,38884.94,25112.33,211014.71,17
1083,DEPARTMENT OF SANITATION,QUEENS,2080.0,85022.26,1353.0,93280.11,32657.45,210959.82,26
1084,POLICE DEPARTMENT,QUEENS,2080.0,147066.63,526.42,42763.54,21128.19,210958.36,28
1085,POLICE DEPARTMENT,BROOKLYN,2080.0,133691.63,876.5,49939.81,27316.61,210948.05,19
1086,DEPARTMENT OF SANITATION,BROOKLYN,2080.0,85015.6,1412.0,100664.08,25266.06,210945.74,22
1087,FIRE DEPARTMENT,QUEENS,2080.0,146527.13,708.45,48016.11,16386.08,210929.32,20
1092,POLICE DEPARTMENT,MANHATTAN,2080.0,179819.41,267.53,8973.15,22040.74,210833.3,25
1098,FIRE DEPARTMENT,MANHATTAN,2080.0,127470.0,718.6,55048.07,28296.64,210814.71,20
1122,FIRE DEPARTMENT,MANHATTAN,2080.0,138756.7,734.9,58631.61,13372.33,210760.64,19
1128,POLICE DEPARTMENT,BROOKLYN,2080.0,133707.71,722.33,45680.18,31336.24,210724.13,28
1133,FIRE DEPARTMENT,BROOKLYN,2080.0,120854.8,891.75,79458.94,10373.57,210687.31,19
1137,POLICE DEPARTMENT,BRONX,2080.0,179819.41,67.5,2252.0,28590.56,210661.97,17
1138,DEPARTMENT OF SANITATION,QUEENS,2080.0,110726.63,1104.0,92402.96,7527.7,210657.29,17
1139,POLICE DEPARTMENT,BROOKLYN,2080.0,145942.99,607.4,46937.38,17764.39,210644.76,12
1140,FIRE DEPARTMENT,BROOKLYN,2080.0,146527.13,661.73,50447.43,13660.13,210634.69,22
1143,POLICE DEPARTMENT,MANHATTAN,2080.0,133691.63,624.5,59224.65,17635.1,210551.38,24
1144,DEPARTMENT OF SANITATION,BRONX,2080.0,110726.63,955.0,83273.92,16520.55,210521.1,23
1145,POLICE DEPARTMENT,MANHATTAN,2080.0,145942.99,503.77,47258.22,17298.29,210499.5,12
1149,FIRE DEPARTMENT,MANHATTAN,2080.0,127655.43,580.93,50903.46,31897.26,210456.15,32
1151,POLICE DEPARTMENT,BRONX,2122.92,136875.23,811.08,47421.42,26130.56,210427.21,24
1152,FIRE DEPARTMENT,MANHATTAN,2080.0,131633.21,784.35,58584.64,20180.15,210398.0,33
1153,POLICE DEPARTMENT,MANHATTAN,2080.0,147066.63,391.53,42619.77,20689.01,210375.41,34
1155,DEPARTMENT OF SANITATION,MANHATTAN,2080.0,85022.26,1332.0,93393.59,31889.54,210305.39,31
1156,POLICE DEPARTMENT,BROOKLYN,2080.0,179819.41,67.5,2375.26,28102.01,210296.68,33
1157,FIRE DEPARTMENT,QUEENS,1820.0,96077.8,1041.25,109882.47,4328.79,210289.06,3
1158,DEPARTMENT OF SANITATION,BRONX,2080.0,110726.63,1069.0,91906.81,7649.65,210283.09,17
1159,DEPARTMENT OF SANITATION,MANHATTAN,2080.0,134594.25,575.5,63859.91,11808.28,210262.44,22
1160,FIRE DEPARTMENT,MANHATTAN,2080.0,146527.13,530.68,47119.07,16611.46,210257.66,28
1162,POLICE DEPARTMENT,MANHATTAN,2123.75,150292.78,373.5,40295.82,19631.1,210219.7,26
1163,POLICE DEPARTMENT,BROOKLYN,2080.0,170827.72,148.0,12691.66,26691.46,210210.84,17
1165,DEPARTMENT OF SANITATION,BRONX,2080.0,110603.67,965.0,83656.78,15926.59,210187.04,15
1167,FIRE DEPARTMENT,MANHATTAN,2080.0,146527.13,654.08,49977.24,13671.31,210175.68,30
1168,POLICE DEPARTMENT,MANHATTAN,2080.0,179819.41,270.0,9043.91,21299.08,210162.4,21
1169,DEPARTMENT OF SANITATION,QUEENS,2080.0,134594.25,633.5,67301.32,8211.01,210106.58,17
1170,POLICE DEPARTMENT,MANHATTAN,2080.0,147066.63,387.83,41899.67,21139.43,210105.73,36
1172,DEPARTMENT OF SANITATION,QUEENS,2080.0,85022.26,1262.0,88171.08,36846.48,210039.82,17
1173,POLICE DEPARTMENT,BROOKLYN,2080.0,142541.92,675.53,46828.91,20644.62,210015.45,30
1175,DEPARTMENT OF SANITATION,QUEENS,2080.0,85022.26,1390.0,95752.4,29230.26,210004.92,32
1176,DEPARTMENT OF SANITATION,BROOKLYN,2080.0,85022.26,1066.0,78370.99,46610.29,210003.54,25
1177,POLICE DEPARTMENT,MANHATTAN,2080.0,165343.7,240.83,19364.24,25287.3,209995.24,17
1178,FIRE DEPARTMENT,QUEENS,2080.0,145480.63,668.03,46850.18,17658.85,209989.66,19
1179,FIRE DEPARTMENT,BROOKLYN,2080.0,146527.13,605.6,46134.03,17318.46,209979.62,29
1180,FIRE DEPARTMENT,BROOKLYN,2080.0,146527.13,699.88,49685.23,13767.25,209979.61,23
1181,POLICE DEPARTMENT,MANHATTAN,2080.0,144510.37,662.62,46678.03,18774.75,209963.15,13
1184,POLICE DEPARTMENT,MANHATTAN,2015.18,129883.02,864.0,55191.2,24830.08,209904.3,23
1185,FIRE DEPARTMENT,MANHATTAN,2080.0,127655.43,636.02,49503.47,32728.25,209887.15,25
1186,DEPARTMENT OF SANITATION,QUEENS,2080.0,84681.57,1204.0,84770.84,40409.61,209862.02,21
1188,FIRE DEPARTMENT,MANHATTAN,2080.0,127655.43,634.63,50039.52,32153.01,209847.96,28
1189,POLICE DEPARTMENT,BRONX,2080.0,165343.7,229.27,19313.33,25181.34,209838.37,27
1190,POLICE DEPARTMENT,MANHATTAN,2080.0,147066.63,402.33,43434.39,19320.64,209821.66,25
1191,POLICE DEPARTMENT,MANHATTAN,2080.0,179819.41,202.0,6913.9,23077.39,209810.7,28
1192,DEPARTMENT OF SANITATION,MANHATTAN,2080.0,110708.75,1074.0,91813.66,7265.24,209787.65,18
1193,FIRE DEPARTMENT,QUEENS,2080.0,146527.13,693.15,46199.52,16993.25,209719.9,39
1196,FIRE DEPARTMENT,MANHATTAN,2080.0,127655.43,586.82,51588.9,30393.63,209637.96,22
1201,FIRE DEPARTMENT,BROOKLYN,2080.0,138756.7,803.57,56296.08,14499.07,209551.85,19
1202,FIRE DEPARTMENT,QUEENS,2080.0,127470.0,913.05,69077.22,12992.47,209539.69,17
1203,FIRE DEPARTMENT,MANHATTAN,2080.0,127618.13,1238.0,70063.94,11798.03,209480.1,27
1204,POLICE DEPARTMENT,MANHATTAN,2080.0,125177.74,662.15,64891.02,19402.58,209471.34,27
1205,DEPARTMENT OF SANITATION,QUEENS,2080.0,85022.26,1261.0,89674.84,34757.33,209454.43,21
1206,FIRE DEPARTMENT,BROOKLYN,2080.0,108371.76,930.0,72063.96,29016.37,209452.09,15
1207,DEPARTMENT OF SANITATION,BROOKLYN,2080.0,110309.13,1090.0,92688.24,6442.23,209439.6,15
1208,FIRE DEPARTMENT,QUEENS,2080.0,127655.43,1040.62,68684.61,13091.23,209431.27,28
1211,FIRE DEPARTMENT,BROOKLYN,2080.0,127655.43,956.65,68590.41,13169.77,209415.61,19
1213,POLICE DEPARTMENT,MANHATTAN,2080.0,133691.63,687.27,50659.82,25056.39,209407.84,18
1214,DEPARTMENT OF SANITATION,BROOKLYN,2080.0,85022.26,1305.5,90674.01,33698.35,209394.62,17
1215,DEPARTMENT OF SANITATION,MANHATTAN,2080.0,108054.03,1073.5,90220.83,11100.82,209375.68,13
1216,DEPARTMENT OF SANITATION,BROOKLYN,2080.0,85022.26,1307.25,93529.0,30818.29,209369.55,24
1217,DEPARTMENT OF SANITATION,BRONX,2080.0,85022.26,1341.25,96198.92,28127.57,209348.75,23
1219,POLICE DEPARTMENT,BRONX,2080.0,147345.64,579.33,48272.6,13655.9,209274.14,17
1220,POLICE DEPARTMENT,BRONX,2080.0,175966.21,270.0,8792.06,24495.22,209253.49,18
1222,DEPARTMENT OF SANITATION,BROOKLYN,2080.0,85008.94,1226.0,89670.29,34558.78,209238.01,32
1223,DEPARTMENT OF SANITATION,BROOKLYN,2080.0,110726.63,1018.0,87851.44,10643.56,209221.63,21
1228,DEPARTMENT OF SANITATION,MANHATTAN,2080.0,85022.26,1226.0,87742.92,36445.81,209210.99,22
1229,FIRE DEPARTMENT,QUEENS,2080.0,127655.43,968.92,65465.59,16073.68,209194.7,28
1232,FIRE DEPARTMENT,MANHATTAN,2080.0,127470.0,833.03,65275.35,16422.38,209167.73,27
1233,POLICE DEPARTMENT,MANHATTAN,1835.55,110917.96,817.92,44212.61,54018.36,209148.93,31
1234,POLICE DEPARTMENT,BRONX,2080.0,133691.63,787.42,48137.43,27316.61,209145.67,21
1235,POLICE DEPARTMENT,MANHATTAN,2122.08,150356.09,354.5,37907.34,20829.89,209093.32,27
1237,FIRE DEPARTMENT,QUEENS,2080.0,146527.13,621.4,45457.58,17051.09,209035.8,23
1239,FIRE DEPARTMENT,MANHATTAN,2080.0,146527.13,639.12,49582.34,12916.9,209026.37,21
1240,FIRE DEPARTMENT,BROOKLYN,2080.0,146527.13,690.52,48410.12,14081.96,209019.21,25
1241,FIRE DEPARTMENT,MANHATTAN,2080.0,132661.75,730.38,57694.54,18662.36,209018.65,18
1244,POLICE DEPARTMENT,BROOKLYN,2080.0,147017.44,657.8,41326.87,20642.0,208986.31,14
1246,FIRE DEPARTMENT,QUEENS,2080.0,130118.26,813.25,77211.43,1644.2,208973.89,4
1247,POLICE DEPARTMENT,QUEENS,2080.0,147066.63,471.08,38374.58,23531.44,208972.65,33
1249,DEPARTMENT OF SANITATION,BROOKLYN,2080.0,83730.15,1190.0,84930.81,40306.82,208967.78,26
1250,POLICE DEPARTMENT,MANHATTAN,2080.0,170827.72,228.5,7683.64,30454.73,208966.09,31
1252,POLICE DEPARTMENT,MANHATTAN,2080.0,147066.63,580.98,39906.19,21974.73,208947.55,23
1255,POLICE DEPARTMENT,MANHATTAN,2080.0,170827.72,270.0,8765.3,29328.96,208921.98,30
1258,POLICE DEPARTMENT,MANHATTAN,2122.92,140086.12,687.5,44897.56,23908.94,208892.62,22
1260,POLICE DEPARTMENT,MANHATTAN,2080.0,145942.99,674.55,42548.73,20367.83,208859.55,12
1261,FIRE DEPARTMENT,QUEENS,2080.0,127655.43,946.48,64585.42,16612.63,208853.48,30
1262,FIRE DEPARTMENT,BROOKLYN,2080.0,127655.43,1032.63,68537.09,12644.44,208836.96,21
1263,DEPARTMENT OF SANITATION,BROOKLYN,2080.0,134594.25,540.0,57444.76,16787.35,208826.36,18
1264,DEPARTMENT OF SANITATION,QUEENS,2080.0,110603.67,1106.5,92766.68,5450.62,208820.97,10
1265,DEPARTMENT OF SANITATION,BROOKLYN,2080.0,127276.74,715.5,73268.51,8248.08,208793.33,18
1266,POLICE DEPARTMENT,MANHATTAN,2122.08,145465.72,432.08,44799.99,18515.66,208781.37,26
1268,FIRE DEPARTMENT,MANHATTAN,2080.0,145986.35,490.68,39596.78,23143.86,208726.99,31
1269,POLICE DEPARTMENT,BROOKLYN,2080.0,147066.63,383.25,42367.78,19243.23,208677.64,17
1270,POLICE DEPARTMENT,BROOKLYN,2080.0,175966.21,135.0,4504.0,28206.77,208676.98,18
1310,DEPARTMENT OF SANITATION,MANHATTAN,2080.0,110048.21,1017.0,88698.48,9852.37,208599.06,33
1364,DEPARTMENT OF SANITATION,QUEENS,2080.0,134594.25,513.0,55585.53,18321.65,208501.43,17
1365,DEPARTMENT OF SANITATION,QUEENS,2080.0,134086.76,588.0,63233.08,11178.1,208497.94,22
1368,POLICE DEPARTMENT,MANHATTAN,2123.75,136913.98,775.5,43418.73,28138.38,208471.09,20
1369,POLICE DEPARTMENT,MANHATTAN,2080.0,133691.63,685.25,50366.01,24404.05,208461.69,16
1370,FIRE DEPARTMENT,MANHATTAN,2080.0,105627.98,1612.0,86526.91,16299.61,208454.5,18
1372,DEPARTMENT OF SANITATION,BROOKLYN,2080.0,109120.09,1008.0,85200.52,14083.43,208404.04,9
1384,POLICE DEPARTMENT,BROOKLYN,2080.0,149166.34,473.15,34800.43,24399.47,208366.24,21
1386,POLICE DEPARTMENT,MANHATTAN,2080.0,179819.41,113.03,3791.17,24734.41,208344.99,28
1389,FIRE DEPARTMENT,BROOKLYN,2080.0,146527.13,551.18,45201.44,16610.86,208339.43,27
1390,FIRE DEPARTMENT,QUEENS,2080.0,146527.13,604.7,47819.32,13987.82,208334.27,38
1402,POLICE DEPARTMENT,MANHATTAN,2080.0,179819.41,67.5,2263.97,26218.96,208302.34,28
1404,FIRE DEPARTMENT,BROOKLYN,2080.0,146527.13,667.5,48413.03,13321.05,208261.21,31
1406,DEPARTMENT OF SANITATION,MANHATTAN,2080.0,109560.16,1028.0,86009.52,12665.74,208235.42,10
1407,POLICE DEPARTMENT,MANHATTAN,2080.0,150026.86,443.0,42130.83,16073.49,208231.18,12
1408,FIRE DEPARTMENT,BRONX,2080.0,127655.43,1000.68,65747.49,14826.89,208229.81,19
1409,DEPARTMENT OF SANITATION,BROOKLYN,2080.0,84667.33,1284.0,91278.15,32278.69,208224.17,25
1410,DEPARTMENT OF SANITATION,BRONX,2080.0,134571.49,578.0,62522.61,11128.16,208222.26,26
1411,FIRE DEPARTMENT,BROOKLYN,1531.43,77768.12,2103.37,115226.89,15221.53,208216.54,26
1412,POLICE DEPARTMENT,BROOKLYN,2080.0,170827.72,141.0,4503.64,32857.25,208188.61,28
1415,FIRE DEPARTMENT,MANHATTAN,2080.0,127655.43,923.15,68996.17,11482.02,208133.62,17
1418,FIRE DEPARTMENT,QUEENS,2080.0,127655.43,982.58,64388.18,16070.8,208114.41,31
1419,DEPARTMENT OF SANITATION,BRONX,2080.0,109891.65,1007.0,85285.49,12931.65,208108.79,16
1420,FIRE DEPARTMENT,BROOKLYN,2080.0,127655.43,1123.0,67205.68,13243.85,208104.96,25
1421,DEPARTMENT OF SANITATION,BROOKLYN,2080.0,85018.51,1277.25,92107.12,30948.29,208073.92,26
1422,FIRE DEPARTMENT,BROOKLYN,2080.0,145981.57,563.13,42513.44,19575.67,208070.68,22
1426,FIRE DEPARTMENT,QUEENS,2080.0,120854.8,910.25,80252.05,6922.58,208029.43,8
1435,POLICE DEPARTMENT,BROOKLYN,2123.75,136701.03,644.0,49764.7,21554.26,208019.99,31
1438,FIRE DEPARTMENT,BROOKLYN,2080.0,127655.43,994.08,64371.96,15940.3,207967.69,18
1439,POLICE DEPARTMENT,BRONX,2080.0,170827.72,270.0,8576.12,28560.29,207964.13,20
1440,FIRE DEPARTMENT,QUEENS,2080.0,127655.43,979.9,62403.34,17900.46,207959.23,27
1441,FIRE DEPARTMENT,MANHATTAN,2080.0,146527.13,579.57,43621.6,17805.92,207954.65,31
1442,DEPARTMENT OF SANITATION,BRONX,2080.0,84728.14,1276.0,87171.46,36024.93,207924.53,7
1443,POLICE DEPARTMENT,MANHATTAN,2122.92,146986.52,412.48,43234.45,17688.01,207908.98,28
1444,FIRE DEPARTMENT,QUEENS,2080.0,134908.59,790.77,56730.09,16250.42,207889.1,17
1447,DEPARTMENT OF SANITATION,BROOKLYN,2080.0,85015.6,1301.5,92767.49,30021.07,207804.16,29
1459,DEPARTMENT OF SANITATION,QUEENS,2080.0,110213.27,942.0,80853.05,16660.17,207726.49,17
1461,FIRE DEPARTMENT,MANHATTAN,2080.0,146527.13,559.62,44657.9,16533.54,207718.57,24
1462,DEPARTMENT OF SANITATION,BROOKLYN,2080.0,136408.83,592.5,61866.22,9436.51,207711.56,18
1463,POLICE DEPARTMENT,QUEENS,2080.0,133691.63,843.5,49630.99,24378.61,207701.23,17
1466,POLICE DEPARTMENT,BROOKLYN,2080.0,138881.01,581.83,38179.7,30598.51,207659.22,13
1467,POLICE DEPARTMENT,BROOKLYN,2080.0,133691.63,598.83,54304.26,19629.14,207625.03,23
1468,FIRE DEPARTMENT,BRONX,2080.0,146527.13,554.1,46802.17,14282.62,207611.92,29
1469,POLICE DEPARTMENT,BROOKLYN,2080.0,137848.19,556.08,47345.39,22395.91,207589.49,18
1470,POLICE DEPARTMENT,MANHATTAN,2080.0,147017.44,623.42,38915.48,21654.78,207587.7,16
1473,FIRE DEPARTMENT,QUEENS,2080.0,124280.0,869.5,77115.19,6134.28,207529.47,23
1474,FIRE DEPARTMENT,MANHATTAN,2080.0,127655.43,855.65,62723.17,17123.55,207502.15,21
1478,FIRE DEPARTMENT,QUEENS,2080.0,127519.37,1017.67,67791.84,12140.2,207451.41,19
1480,DEPARTMENT OF SANITATION,MANHATTAN,2080.0,85008.94,1132.0,79507.95,42897.98,207414.87,26
1481,FIRE DEPARTMENT,BRONX,2080.0,127470.0,1034.78,67471.58,12465.18,207406.76,15
1482,POLICE DEPARTMENT,BRONX,2080.0,149166.34,497.08,42060.53,16173.54,207400.41,17
1483,FIRE DEPARTMENT,BROOKLYN,2080.0,130058.87,968.68,64986.53,12344.82,207390.22,16
1484,FIRE DEPARTMENT,MANHATTAN,2080.0,93554.81,1769.0,98073.91,15747.17,207375.89,19
1486,POLICE DEPARTMENT,MANHATTAN,2080.0,133691.63,739.05,45298.5,28380.93,207371.06,28
1492,FIRE DEPARTMENT,BROOKLYN,2080.0,125521.67,927.5,68920.03,12870.07,207311.77,33
1494,POLICE DEPARTMENT,MANHATTAN,2080.0,133691.63,639.67,53246.57,20364.74,207302.94,16
1498,POLICE DEPARTMENT,BROOKLYN,2080.0,133691.63,796.65,52775.63,20774.61,207241.87,15
1499,FIRE DEPARTMENT,MANHATTAN,2080.0,131976.23,877.0,61968.56,13277.51,207222.3,27
1500,POLICE DEPARTMENT,MANHATTAN,2080.0,179819.41,44.68,1498.69,25893.79,207211.89,24
1502,DEPARTMENT OF SANITATION,QUEENS,2080.0,109412.92,980.5,83823.24,13947.67,207183.83,17
1503,FIRE DEPARTMENT,QUEENS,2080.0,145480.63,610.9,46877.68,14821.91,207180.22,23
1504,DEPARTMENT OF SANITATION,BROOKLYN,2080.0,83731.66,1305.0,94482.15,28957.7,207171.51,28
1506,FIRE DEPARTMENT,QUEENS,2080.0,146527.13,481.03,48014.44,12547.12,207088.69,23
1509,POLICE DEPARTMENT,QUEENS,2080.0,133691.63,821.93,51771.43,21590.63,207053.69,26
1510,DEPARTMENT OF SANITATION,BRONX,2080.0,110726.63,956.0,80618.62,15705.19,207050.44,17
1511,POLICE DEPARTMENT,BRONX,2080.0,144237.89,564.17,37314.19,25468.08,207020.16,21
1512,FIRE DEPARTMENT,MANHATTAN,2080.0,138756.7,709.53,51400.2,16862.5,207019.4,26
1514,POLICE DEPARTMENT,BROOKLYN,2080.0,145555.02,420.83,40968.03,20478.44,207001.49,17
1516,FIRE DEPARTMENT,MANHATTAN,2080.0,127655.43,1045.77,65767.57,13553.47,206976.47,23
1519,FIRE DEPARTMENT,BROOKLYN,2080.0,145729.88,617.13,44753.47,16379.74,206863.09,21
1520,DEPARTMENT OF SANITATION,BROOKLYN,2080.0,111992.42,861.58,83162.25,11701.69,206856.36,21
1521,DEPARTMENT OF SANITATION,QUEENS,2080.0,85022.26,1316.0,91440.54,30389.15,206851.95,32
1523,FIRE DEPARTMENT,BRONX,2080.0,146527.13,409.32,35196.09,25093.74,206816.96,38
1524,FIRE DEPARTMENT,MANHATTAN,2080.0,146527.13,670.0,46995.33,13286.31,206808.77,27
1525,DEPARTMENT OF SANITATION,BRONX,2080.0,85022.26,1255.0,91594.51,30165.57,206782.34,26
1526,FIRE DEPARTMENT,BRONX,2080.0,146527.13,524.85,46600.49,13650.75,206778.37,32
1528,POLICE DEPARTMENT,BROOKLYN,2123.75,136760.03,632.25,48572.88,21419.49,206752.4,25
1533,POLICE DEPARTMENT,MANHATTAN,2122.92,136889.45,582.2,49167.23,20612.07,206668.75,28
1535,DEPARTMENT OF SANITATION,QUEENS,2080.0,85022.26,1273.5,89239.96,32379.21,206641.43,32
1536,FIRE DEPARTMENT,BROOKLYN,2080.0,127470.0,732.15,56611.61,22556.42,206638.03,19
1540,POLICE DEPARTMENT,BROOKLYN,2123.75,136647.59,598.83,53149.57,16790.97,206588.13,16
1542,FIRE DEPARTMENT,BROOKLYN,2080.0,145729.88,559.58,43169.31,17579.88,206479.07,25
1543,POLICE DEPARTMENT,MANHATTAN,2034.3,143800.17,360.83,35840.88,26835.76,206476.81,28
1545,DEPARTMENT OF SANITATION,BROOKLYN,2080.0,84146.6,1232.0,85728.84,36577.48,206452.92,15
1547,FIRE DEPARTMENT,BROOKLYN,2080.0,127655.43,935.0,63294.08,15469.78,206419.29,35
1548,POLICE DEPARTMENT,BROOKLYN,2080.0,170827.72,270.0,8624.0,26967.54,206419.26,23
1549,FIRE DEPARTMENT,MANHATTAN,2080.0,127655.43,978.2,67229.28,11533.17,206417.88,17
1552,POLICE DEPARTMENT,QUEENS,2080.0,147066.63,489.25,36158.93,23178.96,206404.52,24
1554,DEPARTMENT OF SANITATION,BROOKLYN,2080.0,84705.12,1348.0,96943.41,24665.58,206314.11,32
1555,FIRE DEPARTMENT,BRONX,2080.0,132661.75,810.48,58347.63,15296.69,206306.07,26
1556,FIRE DEPARTMENT,BROOKLYN,2080.0,127434.71,975.05,64584.74,14258.93,206278.38,17
1557,FIRE DEPARTMENT,QUEENS,2080.0,132961.67,801.17,58815.36,14484.64,206261.67,25
1560,POLICE DEPARTMENT,BROOKLYN,2080.0,133691.63,853.75,48175.25,24371.58,206238.46,19
1561,DEPARTMENT OF SANITATION,MANHATTAN,2080.0,85022.26,1159.0,81667.07,39513.36,206202.69,35
1562,FIRE DEPARTMENT,MANHATTAN,2080.0,131633.21,865.7,62325.99,12216.47,206175.67,20
1563,DEPARTMENT OF SANITATION,MANHATTAN,2080.0,134594.25,581.0,63005.81,8569.92,206169.98,17
1566,DEPARTMENT OF SANITATION,BRONX,2080.0,110726.63,968.5,85429.95,9956.82,206113.4,34
1567,POLICE DEPARTMENT,QUEENS,2080.0,173149.93,202.5,6540.06,26417.03,206107.02,20
1568,FIRE DEPARTMENT,BROOKLYN,2080.0,109636.8,1019.0,73313.15,23154.6,206104.55,6
1570,DEPARTMENT OF SANITATION,BROOKLYN,2080.0,110726.63,1002.0,85277.58,10083.96,206088.17,22
1571,POLICE DEPARTMENT,MANHATTAN,2080.0,135403.13,842.58,49994.52,20668.58,206066.23,14
1572,DEPARTMENT OF SANITATION,BRONX,2080.0,93800.82,1479.0,103825.45,8433.43,206059.7,9
1573,POLICE DEPARTMENT,MANHATTAN,2123.75,136796.82,613.5,46364.09,22875.98,206036.89,21
1574,POLICE DEPARTMENT,BROOKLYN,2080.0,170827.72,43.75,3772.7,31429.43,206029.85,37
1576,POLICE DEPARTMENT,MANHATTAN,2080.0,175966.21,183.22,5997.49,24063.56,206027.26,17
1577,POLICE DEPARTMENT,BROOKLYN,2080.0,170827.72,181.0,5831.72,29365.4,206024.84,21
1578,POLICE DEPARTMENT,MANHATTAN,2122.92,136875.23,720.42,43495.21,25632.5,206002.94,28
1579,FIRE DEPARTMENT,BROOKLYN,2080.0,138756.7,708.05,49710.59,17533.8,206001.09,26
1580,POLICE DEPARTMENT,MANHATTAN,2080.0,133415.36,740.67,51363.05,21203.0,205981.41,15
1581,FIRE DEPARTMENT,MANHATTAN,2080.0,146527.13,537.67,42187.66,17262.03,205976.82,22
1582,POLICE DEPARTMENT,MANHATTAN,2080.0,147066.63,383.67,38423.52,20465.32,205955.47,33
1583,POLICE DEPARTMENT,MANHATTAN,2123.75,146308.0,395.25,41887.67,17756.2,205951.87,16
1584,POLICE DEPARTMENT,BROOKLYN,2080.0,133691.63,710.75,46252.4,25973.18,205917.21,18
1586,FIRE DEPARTMENT,QUEENS,2080.0,130349.75,979.15,62245.89,13311.27,205906.91,21
1587,FIRE DEPARTMENT,QUEENS,2080.0,127655.43,541.4,45050.95,33175.51,205881.89,25
1588,FIRE DEPARTMENT,BRONX,2080.0,146527.13,560.22,42270.99,17072.5,205870.62,23
1589,DEPARTMENT OF SANITATION,MANHATTAN,2080.0,134086.76,583.75,63236.22,8539.27,205862.25,18
1591,POLICE DEPARTMENT,BROOKLYN,2080.0,134273.03,730.08,44617.91,26923.43,205814.37,17
1592,POLICE DEPARTMENT,MANHATTAN,2080.0,147066.63,372.75,40815.01,17918.75,205800.39,24
1594,FIRE DEPARTMENT,MANHATTAN,2080.0,146527.13,560.57,45612.64,13636.93,205776.7,31
1595,FIRE DEPARTMENT,MANHATTAN,2080.0,127655.43,900.0,64835.86,13268.41,205759.7,22
1596,FIRE DEPARTMENT,BRONX,2080.0,127655.43,618.87,46283.97,31812.66,205752.06,35
1598,POLICE DEPARTMENT,MANHATTAN,2080.0,170827.72,135.0,4312.0,30600.86,205740.58,23
1599,FIRE DEPARTMENT,BROOKLYN,2080.0,127470.0,806.27,56722.54,21531.82,205724.36,16
1604,POLICE DEPARTMENT,BROOKLYN,2080.0,133691.63,624.58,55751.22,16204.3,205647.15,17
1605,DEPARTMENT OF SANITATION,BROOKLYN,2080.0,112303.84,957.0,86512.97,6793.16,205609.97,16
1608,DEPARTMENT OF SANITATION,BROOKLYN,2080.0,85022.26,1310.33,93097.36,27473.25,205592.87,22
1612,DEPARTMENT OF SANITATION,QUEENS,2080.0,85015.6,1240.5,87227.42,33329.3,205572.32,21
1613,POLICE DEPARTMENT,MANHATTAN,1794.3,126647.13,574.08,53258.66,25658.14,205563.93,32
1614,DEPARTMENT OF SANITATION,BRONX,2080.0,84698.46,1188.0,84477.97,36365.55,205541.98,16
1615,POLICE DEPARTMENT,BRONX,2080.0,125177.74,1006.08,55225.13,25133.05,205535.92,23
1617,FIRE DEPARTMENT,BROOKLYN,2080.0,146527.13,627.08,42300.97,16700.78,205528.88,21
1618,POLICE DEPARTMENT,MANHATTAN,2080.0,125177.74,855.03,61643.76,18691.58,205513.08,20
1619,FIRE DEPARTMENT,BROOKLYN,2080.0,127655.43,990.85,63109.33,14735.49,205500.25,17
1620,FIRE DEPARTMENT,BROOKLYN,2080.0,146527.13,534.05,41573.37,17392.32,205492.82,29
1621,FIRE DEPARTMENT,MANHATTAN,2080.0,127655.43,977.78,64953.36,12879.04,205487.83,20
1622,DEPARTMENT OF SANITATION,BRONX,2080.0,85022.26,1246.0,91125.72,29338.44,205486.42,23
1623,DEPARTMENT OF SANITATION,BROOKLYN,2080.0,84702.47,988.0,71791.76,48966.75,205460.98,21
1625,FIRE DEPARTMENT,MANHATTAN,2080.0,127655.43,529.93,45909.99,31858.79,205424.21,25
1626,FIRE DEPARTMENT,QUEENS,2080.0,127851.09,905.4,64572.41,12983.3,205406.8,25
1627,POLICE DEPARTMENT,BROOKLYN,2080.0,179819.41,67.5,2263.97,23318.78,205402.16,33
1628,DEPARTMENT OF SANITATION,BROOKLYN,2080.0,85007.59,1166.0,81938.57,38443.79,205389.95,16
1630,DEPARTMENT OF SANITATION,BROOKLYN,2080.0,110726.63,959.5,83965.81,10651.83,205344.27,29
1632,DEPARTMENT OF SANITATION,QUEENS,2080.0,85022.26,1239.5,88576.04,31698.4,205296.7,21
1636,FIRE DEPARTMENT,QUEENS,2080.0,133057.6,771.75,65977.51,6237.08,205272.19,24
1637,POLICE DEPARTMENT,MANHATTAN,2122.92,136701.59,778.25,46557.14,22013.31,205272.04,25
1638,FIRE DEPARTMENT,BRONX,2080.0,127655.43,987.55,64988.88,12617.76,205262.07,31
1639,POLICE DEPARTMENT,MANHATTAN,2080.0,147066.63,474.9,29223.83,28968.33,205258.79,26
1641,POLICE DEPARTMENT,MANHATTAN,2122.75,128058.34,877.17,54400.11,22769.43,205227.88,28
1642,POLICE DEPARTMENT,QUEENS,2080.0,170827.72,47.33,4081.71,30311.93,205221.36,28
1644,POLICE DEPARTMENT,MANHATTAN,2080.0,147066.63,499.75,31732.02,26390.66,205189.31,27
1645,FIRE DEPARTMENT,MANHATTAN,2080.0,146527.13,498.17,41121.18,17507.29,205155.6,29
1647,POLICE DEPARTMENT,MANHATTAN,2080.0,145555.02,511.83,34866.5,24727.34,205148.86,27
1648,FIRE DEPARTMENT,BROOKLYN,2080.0,127655.43,1036.08,63739.98,13745.03,205140.44,23
1650,POLICE DEPARTMENT,MANHATTAN,2080.0,147066.63,374.0,39516.75,18487.35,205070.73,18
1652,FIRE DEPARTMENT,QUEENS,2080.0,127519.37,871.68,60951.73,16568.24,205039.34,24
1653,POLICE DEPARTMENT,MANHATTAN,2080.0,125177.74,995.17,56555.87,23299.51,205033.12,23
1654,POLICE DEPARTMENT,MANHATTAN,2080.0,133691.63,578.5,53120.3,18203.82,205015.75,24
1655,FIRE DEPARTMENT,BROOKLYN,2080.0,146527.13,541.85,41191.09,17290.29,205008.51,21
1656,DEPARTMENT OF SANITATION,MANHATTAN,2080.0,134594.25,534.0,58965.56,11448.64,205008.45,22
1658,DEPARTMENT OF SANITATION,MANHATTAN,2080.0,134594.25,562.5,61819.31,8589.43,205002.99,17
1660,DEPARTMENT OF SANITATION,BROOKLYN,2080.0,134583.38,538.5,59275.92,11123.57,204982.87,22
1661,POLICE DEPARTMENT,MANHATTAN,2080.0,133691.63,751.25,42499.6,28737.79,204929.02,27
1663,DEPARTMENT OF SANITATION,BROOKLYN,2080.0,85022.26,1293.0,93084.13,26805.52,204911.91,21
1665,FIRE DEPARTMENT,MANHATTAN,2080.0,127655.43,523.1,46633.55,30614.66,204903.64,21
1666,FIRE DEPARTMENT,QUEENS,2080.0,146527.13,618.82,42500.58,15861.85,204889.56,33
1670,POLICE DEPARTMENT,MANHATTAN,1965.72,138898.37,551.25,37813.34,28118.71,204830.42,31
1671,POLICE DEPARTMENT,MANHATTAN,2116.92,146142.09,362.42,39982.09,18705.58,204829.76,23
1674,FIRE DEPARTMENT,MANHATTAN,2080.0,127434.71,936.42,61755.01,15623.98,204813.7,19
1675,POLICE DEPARTMENT,BRONX,2080.0,170827.72,270.0,8624.0,25356.35,204808.07,27
1676,FIRE DEPARTMENT,MANHATTAN,2080.0,102904.44,1643.97,82280.06,19616.8,204801.3,26
1677,FIRE DEPARTMENT,QUEENS,2080.0,132288.0,674.5,64167.63,8317.79,204773.42,8
1679,POLICE DEPARTMENT,MANHATTAN,2122.25,150242.91,394.08,34250.6,20253.74,204747.25,39
1680,FIRE DEPARTMENT,MANHATTAN,2080.0,93800.18,1238.2,64101.08,46809.58,204710.84,23
1681,DEPARTMENT OF SANITATION,QUEENS,2080.0,110380.01,1091.0,88913.37,5403.26,204696.64,9
1682,DEPARTMENT OF SANITATION,QUEENS,2080.0,85022.26,1169.5,82415.51,37242.23,204680.0,21
1684,POLICE DEPARTMENT,QUEENS,2080.0,147066.63,335.83,36131.45,21457.41,204655.49,30
1685,FIRE DEPARTMENT,MANHATTAN,2080.0,127655.43,879.0,64460.83,12527.0,204643.26,40
1686,DEPARTMENT OF SANITATION,MANHATTAN,2080.0,85020.17,1255.0,89713.69,29907.71,204641.57,23
1687,FIRE DEPARTMENT,BROOKLYN,2080.0,78069.34,615.93,27054.89,99512.69,204636.92,8
1690,FIRE DEPARTMENT,BROOKLYN,2080.0,127655.43,1032.28,64281.2,12614.94,204551.57,24
1695,POLICE DEPARTMENT,MANHATTAN,2080.0,124280.0,617.25,54816.32,25387.05,204483.37,5
1696,DEPARTMENT OF SANITATION,QUEENS,2080.0,110726.63,947.0,83241.49,10503.39,204471.51,32
1699,DEPARTMENT OF SANITATION,MANHATTAN,2080.0,110708.75,922.5,79728.9,14007.17,204444.82,21
1700,FIRE DEPARTMENT,QUEENS,2080.0,130058.87,804.5,61388.6,12995.12,204442.59,18
1701,POLICE DEPARTMENT,MANHATTAN,2122.75,128224.54,819.78,53478.29,22712.65,204415.48,31
1703,FIRE DEPARTMENT,BROOKLYN,2080.0,127655.43,945.3,62793.74,13951.58,204400.75,27
1704,POLICE DEPARTMENT,BROOKLYN,2080.0,137292.44,676.0,42482.77,24614.52,204389.73,20
1705,FIRE DEPARTMENT,MANHATTAN,2080.0,146527.13,516.25,44191.11,13665.11,204383.35,38
1706,FIRE DEPARTMENT,QUEENS,2080.0,127470.0,906.0,64492.41,12397.21,204359.62,22
1707,POLICE DEPARTMENT,BROOKLYN,2080.0,137848.19,566.5,43035.29,23452.27,204335.75,23
1708,FIRE DEPARTMENT,QUEENS,2080.0,146527.13,657.77,43730.18,14074.47,204331.78,38
1709,FIRE DEPARTMENT,MANHATTAN,2080.0,132961.67,686.67,53924.75,17442.64,204329.06,20
1710,POLICE DEPARTMENT,QUEENS,2080.0,170827.72,270.0,8576.12,24884.96,204288.8,18
1711,POLICE DEPARTMENT,QUEENS,2080.0,131784.07,759.08,47436.72,23842.09,203062.88,15
1714,FIRE DEPARTMENT,QUEENS,2080.0,127655.43,938.13,62123.96,14457.92,204237.31,19
1718,FIRE DEPARTMENT,QUEENS,2080.0,127434.71,866.98,61807.61,14925.33,204167.65,16
1719,POLICE DEPARTMENT,MANHATTAN,2080.0,125177.74,945.53,55967.12,23009.29,204154.15,26
1721,POLICE DEPARTMENT,QUEENS,2080.0,143506.82,581.68,39929.79,20677.46,204114.07,12
1722,FIRE DEPARTMENT,QUEENS,2080.0,139046.9,787.67,52069.85,12988.29,204105.04,19
1723,POLICE DEPARTMENT,BROOKLYN,2080.0,134993.82,947.78,50706.01,18402.01,204101.84,10
1724,FIRE DEPARTMENT,QUEENS,2080.0,127655.43,922.92,59909.51,16481.64,204046.58,21
1725,POLICE DEPARTMENT,MANHATTAN,2080.0,133691.63,647.08,47234.92,23090.78,204017.33,26
1726,FIRE DEPARTMENT,BROOKLYN,2080.0,146527.13,498.73,41262.39,16215.89,204005.41,31
1727,POLICE DEPARTMENT,MANHATTAN,2080.0,139125.12,605.05,41987.61,22890.17,204002.9,21
1728,DEPARTMENT OF SANITATION,QUEENS,2080.0,110717.68,863.0,75050.21,18176.58,203944.47,24
1730,POLICE DEPARTMENT,MANHATTAN,2080.0,125177.74,800.85,57148.03,21601.25,203927.02,27
1731,DEPARTMENT OF SANITATION,BRONX,2080.0,85002.28,1013.0,72975.1,45947.5,203924.88,21
1732,POLICE DEPARTMENT,MANHATTAN,1965.72,138898.37,586.75,40690.59,24305.54,203894.5,31
1733,POLICE DEPARTMENT,MANHATTAN,2122.75,148707.42,459.92,30865.46,24320.76,203893.64,26
1734,FIRE DEPARTMENT,QUEENS,2080.0,127655.43,844.25,63976.61,12260.05,203892.09,39
1735,FIRE DEPARTMENT,BRONX,2080.0,131370.39,792.53,58488.82,14025.18,203884.39,17
1737,DEPARTMENT OF SANITATION,BRONX,2080.0,134594.25,574.5,60375.82,8898.05,203868.12,21
1738,DEPARTMENT OF SANITATION,MANHATTAN,2080.0,85015.6,1150.0,79624.74,39219.38,203859.72,20
1739,FIRE DEPARTMENT,QUEENS,2080.0,127655.43,978.77,59530.67,16657.08,203843.18,24
1741,POLICE DEPARTMENT,MANHATTAN,2080.0,147066.63,458.17,35262.05,21504.16,203832.84,27
1742,DEPARTMENT OF SANITATION,QUEENS,1820.0,110977.0,544.5,52758.87,40090.78,203826.65,31
1743,POLICE DEPARTMENT,BRONX,2080.0,133691.63,693.93,44322.37,25799.6,203813.6,20
1744,POLICE DEPARTMENT,MANHATTAN,1874.3,132364.81,464.75,51437.85,20009.85,203812.51,31
1745,DEPARTMENT OF SANITATION,BRONX,2080.0,85018.38,1225.0,85316.52,33460.96,203795.86,18
1748,POLICE DEPARTMENT,BROOKLYN,2080.0,133691.63,703.85,43960.7,26108.15,203760.48,23
1749,DEPARTMENT OF SANITATION,QUEENS,2080.0,85022.26,1016.0,72237.87,46460.99,203721.12,22
1750,DEPARTMENT OF SANITATION,QUEENS,2080.0,85022.26,910.0,64903.37,53787.85,203713.48,23
1752,POLICE DEPARTMENT,MANHATTAN,2080.0,139125.12,699.93,41510.16,23052.81,203688.09,20
1753,DEPARTMENT OF SANITATION,MANHATTAN,2080.0,85022.26,1211.0,87753.91,30900.87,203677.04,29
1754,DEPARTMENT OF SANITATION,QUEENS,2080.0,85022.26,1242.5,89410.98,29230.15,203663.39,26
1755,POLICE DEPARTMENT,BROOKLYN,2122.92,136737.69,581.27,48631.14,18271.25,203640.08,21
1756,POLICE DEPARTMENT,QUEENS,2080.0,170827.72,67.5,2297.3,30500.43,203625.45,25
1757,POLICE DEPARTMENT,BROOKLYN,2080.0,133691.63,733.83,42695.77,27224.07,203611.47,20
1759,DEPARTMENT OF SANITATION,QUEENS,2080.0,133568.4,552.0,59489.9,10543.27,203601.57,21
1760,POLICE DEPARTMENT,BROOKLYN,2080.0,147066.63,323.17,36393.64,20114.01,203574.28,25
1761,FIRE DEPARTMENT,QUEENS,2080.0,120854.8,765.0,70501.82,12179.92,203536.54,34
1762,FIRE DEPARTMENT,BRONX,2080.0,146527.13,589.93,43121.82,13878.05,203527.0,42
1763,FIRE DEPARTMENT,BRONX,2080.0,146527.13,555.05,42523.9,14471.2,203522.23,34
1764,POLICE DEPARTMENT,QUEENS,2080.0,147017.44,475.67,38738.14,17764.11,203519.69,16
1767,POLICE DEPARTMENT,BROOKLYN,2080.0,144510.37,506.83,38808.03,20168.24,203486.64,12
1770,POLICE DEPARTMENT,MANHATTAN,2080.0,134363.47,762.5,44615.67,24494.87,203474.01,18
1771,POLICE DEPARTMENT,MANHATTAN,2122.75,140782.69,560.43,42173.22,20498.97,203454.88,31
1772,POLICE DEPARTMENT,MANHATTAN,2119.17,148276.19,341.92,37711.14,17462.49,203449.82,24
1775,FIRE DEPARTMENT,BROOKLYN,2080.0,131976.23,740.0,57479.98,13948.27,203404.48,30
1779,DEPARTMENT OF SANITATION,BROOKLYN,2080.0,110726.63,928.5,82662.06,9976.38,203365.07,32
1780,DEPARTMENT OF SANITATION,BRONX,2080.0,85022.26,1295.0,89922.14,28418.34,203362.74,21
1781,POLICE DEPARTMENT,BROOKLYN,2080.0,165343.7,175.42,12531.76,25467.4,203342.86,18
1782,FIRE DEPARTMENT,BRONX,2080.0,146527.13,519.37,43580.63,13229.15,203336.91,43
1784,FIRE DEPARTMENT,BROOKLYN,2080.0,127655.43,970.15,63427.33,12206.98,203289.74,21
1786,POLICE DEPARTMENT,MANHATTAN,2080.0,137140.17,459.82,45101.28,21036.05,203277.5,20
1787,DEPARTMENT OF SANITATION,MANHATTAN,2080.0,83714.16,1121.5,83543.45,36014.42,203272.03,24
1788,FIRE DEPARTMENT,BRONX,2080.0,130349.75,710.77,59351.57,13561.38,203262.7,27
1789,POLICE DEPARTMENT,MANHATTAN,2080.0,147066.63,337.0,37940.5,18241.45,203248.58,31
1790,POLICE DEPARTMENT,BROOKLYN,2080.0,170827.72,269.28,8601.11,23801.97,203230.8,23
1791,FIRE DEPARTMENT,MANHATTAN,2080.0,127655.43,826.92,60211.32,15349.18,203215.93,26
1792,POLICE DEPARTMENT,BROOKLYN,2080.0,135052.65,734.17,43685.22,24472.08,203209.95,28
1793,FIRE DEPARTMENT,QUEENS,2080.0,146527.13,481.08,39800.24,16865.53,203192.9,28
1796,DEPARTMENT OF SANITATION,QUEENS,2080.0,109324.93,1060.5,88510.62,5319.11,203154.66,9
1799,DEPARTMENT OF SANITATION,QUEENS,2080.0,108221.69,963.0,80501.04,14395.95,203118.68,21
1810,POLICE DEPARTMENT,MANHATTAN,2080.0,170827.72,270.0,8540.21,23638.48,203006.41,16
1812,FIRE DEPARTMENT,BRONX,2080.0,127655.43,857.63,63249.69,12034.18,202939.3,26
1814,DEPARTMENT OF SANITATION,QUEENS,2080.0,85022.26,1228.0,88629.31,29265.96,202917.53,35
1815,DEPARTMENT OF SANITATION,QUEENS,2080.0,132288.0,472.0,46119.54,24500.51,202908.05,3
1820,DEPARTMENT OF SANITATION,QUEENS,2080.0,110726.63,980.0,84462.88,7647.84,202837.35,18
1822,POLICE DEPARTMENT,BRONX,2080.0,133691.63,711.83,44066.13,25048.75,202806.51,24
1823,POLICE DEPARTMENT,MANHATTAN,2123.75,136882.61,617.17,41592.98,24328.62,202804.21,30
1824,POLICE DEPARTMENT,BROOKLYN,2080.0,132553.58,806.08,47463.62,22778.36,202795.56,21
1826,POLICE DEPARTMENT,MANHATTAN,2080.0,147066.63,307.5,34050.58,21649.53,202766.74,27
1827,POLICE DEPARTMENT,MANHATTAN,2080.0,125177.74,1061.0,55532.37,22055.4,202765.51,28
1828,FIRE DEPARTMENT,BRONX,2080.0,127655.43,743.57,57871.75,17231.3,202758.48,25
1829,POLICE DEPARTMENT,MANHATTAN,2080.0,133691.63,695.5,40255.48,28789.62,202736.73,38
1831,POLICE DEPARTMENT,BROOKLYN,2080.0,133691.63,713.25,43194.94,25832.07,202718.64,19
1832,POLICE DEPARTMENT,MANHATTAN,2080.0,137848.19,481.25,44337.3,20523.7,202709.19,24
1835,DEPARTMENT OF SANITATION,MANHATTAN,2080.0,85022.26,984.0,69406.22,48255.21,202683.69,29
1836,POLICE DEPARTMENT,MANHATTAN,2080.0,170827.72,270.27,8636.79,23179.41,202643.92,23
1837,FIRE DEPARTMENT,MANHATTAN,2080.0,127655.43,977.5,62958.54,11994.15,202608.12,20
1838,POLICE DEPARTMENT,BROOKLYN,2080.0,170827.72,70.0,6002.83,25745.16,202575.71,19
1839,POLICE DEPARTMENT,BROOKLYN,2080.0,133691.63,788.17,45013.17,23859.35,202564.15,32
1841,POLICE DEPARTMENT,BRONX,2080.0,133691.63,705.0,40507.62,28356.32,202555.57,24
1842,POLICE DEPARTMENT,MANHATTAN,2080.0,137292.44,605.77,35879.28,29383.81,202555.53,24
1844,FIRE DEPARTMENT,BRONX,2080.0,132661.75,716.35,56448.05,13423.57,202533.37,25
1845,POLICE DEPARTMENT,MANHATTAN,2080.0,139125.12,586.75,38994.9,24399.49,202519.51,18
1846,POLICE DEPARTMENT,BROOKLYN,2080.0,144510.37,629.6,41162.16,16781.85,202454.38,12
1847,FIRE DEPARTMENT,BRONX,2080.0,146527.13,539.45,41820.79,14105.61,202453.53,28
1848,DEPARTMENT OF SANITATION,BRONX,2080.0,110726.62,832.5,72270.1,19453.25,202449.97,22
1851,POLICE DEPARTMENT,BRONX,2080.0,170827.72,135.0,4276.09,27294.65,202398.46,17
1853,DEPARTMENT OF SANITATION,MANHATTAN,2080.0,109448.45,908.0,77509.54,15436.5,202394.49,17
1854,FIRE DEPARTMENT,BRONX,2080.0,146527.13,562.82,40935.27,14919.49,202381.89,31
1855,POLICE DEPARTMENT,MANHATTAN,2080.0,149166.34,302.87,31594.18,21601.57,202362.09,19
1857,POLICE DEPARTMENT,BROOKLYN,2080.0,133707.48,443.92,40026.65,28603.23,202337.36,22
1859,FIRE DEPARTMENT,BROOKLYN,2080.0,127655.43,811.53,58225.07,16424.95,202305.45,23
1860,FIRE DEPARTMENT,MANHATTAN,2080.0,127655.43,935.1,61040.03,13597.7,202293.16,28
1862,FIRE DEPARTMENT,QUEENS,2080.0,127434.71,581.35,42791.32,31984.92,202210.95,17
1863,FIRE DEPARTMENT,BROOKLYN,2080.0,127655.43,854.15,61709.73,12830.39,202195.55,29
1864,DEPARTMENT OF SANITATION,BROOKLYN,2080.0,84381.59,1220.0,87712.41,30046.61,202140.61,22
1865,FIRE DEPARTMENT,BROOKLYN,2080.0,145981.57,600.15,41108.3,15003.44,202093.31,23
1866,FIRE DEPARTMENT,QUEENS,2080.0,127655.43,887.07,57706.56,16729.16,202091.15,25
1867,POLICE DEPARTMENT,MANHATTAN,2080.0,144510.37,488.6,39728.75,17814.59,202053.71,12
1868,POLICE DEPARTMENT,MANHATTAN,2080.0,170827.72,270.0,8540.21,22684.53,202052.46,16
1869,FIRE DEPARTMENT,BROOKLYN,2080.0,146527.13,515.83,40793.86,14727.65,202048.64,41
1870,FIRE DEPARTMENT,BROOKLYN,2080.0,131633.21,872.15,57806.65,12598.73,202038.59,17
1871,DEPARTMENT OF SANITATION,BRONX,2080.0,85015.6,1188.0,84090.93,32924.43,202030.96,18
1872,FIRE DEPARTMENT,MANHATTAN,2080.0,146527.13,498.22,38169.71,17329.35,202026.19,36
1874,FIRE DEPARTMENT,MANHATTAN,2080.0,88151.07,2280.0,98152.18,15702.09,202005.34,20
1875,FIRE DEPARTMENT,BROOKLYN,2080.0,145729.88,492.52,42506.93,13736.83,201973.64,18
1877,POLICE DEPARTMENT,MANHATTAN,2122.75,128169.14,922.0,49799.91,23971.81,201940.86,36
1878,POLICE DEPARTMENT,MANHATTAN,2080.0,134150.29,718.58,42886.58,24900.07,201936.94,18
1881,POLICE DEPARTMENT,BROOKLYN,2122.75,128224.54,846.1,50686.29,22997.57,201908.4,27
1882,FIRE DEPARTMENT,MANHATTAN,1994.3,139912.05,574.1,47687.31,14302.94,201902.3,22
1883,DEPARTMENT OF SANITATION,QUEENS,1820.0,187675.23,62.5,8163.8,6050.76,201889.79,33
1884,FIRE DEPARTMENT,BRONX,2080.0,127655.43,836.62,58929.8,15281.78,201867.01,40
1886,DEPARTMENT OF SANITATION,BROOKLYN,2080.0,85022.26,1065.0,78982.72,37837.49,201842.47,28
1888,FIRE DEPARTMENT,BROOKLYN,2080.0,146527.13,565.68,40633.67,14673.71,201834.51,35
1889,POLICE DEPARTMENT,MANHATTAN,2080.0,170827.72,270.0,8576.12,22421.69,201825.53,19
1890,POLICE DEPARTMENT,QUEENS,2080.0,170827.72,135.0,4288.06,26709.56,201825.34,18
1892,DEPARTMENT OF SANITATION,BROOKLYN,2080.0,83940.25,1170.0,84224.85,33651.99,201817.09,15
1893,POLICE DEPARTMENT,MANHATTAN,2122.75,128224.54,869.78,51109.11,22429.3,201762.95,31
1894,POLICE DEPARTMENT,QUEENS,2080.0,133691.63,734.33,43748.05,24316.01,201755.69,18
1896,POLICE DEPARTMENT,MANHATTAN,2080.0,144510.37,390.98,43339.44,13894.19,201744.0,12
1897,POLICE DEPARTMENT,BRONX,2121.92,128160.79,940.27,51594.51,21962.32,201717.62,36
1898,POLICE DEPARTMENT,MANHATTAN,2080.0,133691.63,656.58,46601.18,21399.62,201692.43,23
1899,DEPARTMENT OF SANITATION,BROOKLYN,2080.0,109487.29,975.0,80946.34,11249.34,201682.97,10
1901,FIRE DEPARTMENT,BRONX,2080.0,145480.63,561.15,42550.15,13638.05,201668.83,19
1902,FIRE DEPARTMENT,QUEENS,2080.0,127655.43,946.18,61111.7,12875.13,201642.26,40
1903,POLICE DEPARTMENT,MANHATTAN,2080.0,179819.41,67.5,2263.97,19548.99,201632.37,34
1904,FIRE DEPARTMENT,QUEENS,2080.0,127655.43,940.97,61529.69,12435.37,201620.49,19
1906,POLICE DEPARTMENT,BROOKLYN,2080.0,133691.63,750.3,42856.99,25033.09,201581.71,21
1909,DEPARTMENT OF SANITATION,QUEENS,2080.0,85022.26,1113.0,79220.23,37337.46,201579.95,22
1913,POLICE DEPARTMENT,BRONX,2080.0,133691.63,558.08,50404.19,17466.29,201562.11,19
1915,POLICE DEPARTMENT,QUEENS,2080.0,149595.94,555.1,36167.63,15744.47,201508.04,12
1917,FIRE DEPARTMENT,QUEENS,2080.0,132961.67,646.33,54275.7,14264.19,201501.56,29
1920,POLICE DEPARTMENT,QUEENS,2080.0,170827.72,270.0,8576.12,22047.63,201451.47,18
1922,POLICE DEPARTMENT,MANHATTAN,2080.0,135052.65,452.75,46639.7,19744.54,201436.89,23
1924,DEPARTMENT OF SANITATION,BROOKLYN,2080.0,127276.74,643.0,65909.46,8246.55,201432.75,17
1925,FIRE DEPARTMENT,BRONX,2080.0,127655.43,938.88,61642.61,12086.85,201384.89,17
1926,FIRE DEPARTMENT,BRONX,2080.0,146527.13,477.0,39239.6,15602.71,201369.44,25
1927,POLICE DEPARTMENT,BROOKLYN,2080.0,133691.63,645.25,41704.59,25969.27,201365.49,20
1928,DEPARTMENT OF SANITATION,BRONX,2080.0,85022.26,1164.0,82819.27,33510.1,201351.63,22
1930,POLICE DEPARTMENT,BRONX,2080.0,133691.63,701.7,40328.71,27316.61,201336.95,21
1934,DEPARTMENT OF SANITATION,MANHATTAN,2080.0,110603.67,998.5,83944.71,6757.98,201306.36,14
1935,FIRE DEPARTMENT,MANHATTAN,2080.0,146527.13,519.03,40647.34,14098.24,201272.71,25
1937,POLICE DEPARTMENT,BROOKLYN,2123.75,137320.18,442.92,43550.85,20389.35,201260.38,25
1938,POLICE DEPARTMENT,QUEENS,2080.0,135564.44,553.0,45367.33,20285.6,201217.37,18
1940,DEPARTMENT OF SANITATION,MANHATTAN,2080.0,110726.63,797.5,70940.62,19516.75,201184.0,26
1941,FIRE DEPARTMENT,BROOKLYN,1622.87,116826.58,883.07,70285.18,14064.09,201175.85,33
1942,POLICE DEPARTMENT,MANHATTAN,2080.0,133691.63,652.5,40276.93,27205.76,201174.32,17
1943,DEPARTMENT OF SANITATION,BROOKLYN,2080.0,134594.25,538.5,58174.66,8404.49,201173.4,18
1946,FIRE DEPARTMENT,QUEENS,2080.0,127655.43,823.47,58103.44,15365.38,201124.25,18
1948,POLICE DEPARTMENT,BROOKLYN,2080.0,134150.29,621.25,44610.6,22328.37,201089.26,21
1949,FIRE DEPARTMENT,MANHATTAN,2080.0,119467.55,1048.27,66970.51,14648.37,201086.43,18
1951,FIRE DEPARTMENT,MANHATTAN,2080.0,127655.43,813.23,57037.09,16325.67,201018.19,25
1952,DEPARTMENT OF SANITATION,QUEENS,2080.0,85022.26,1255.0,86722.89,29247.53,200992.68,21
1953,POLICE DEPARTMENT,MANHATTAN,2080.0,152281.99,408.02,27035.27,21655.1,200972.36,17
1955,POLICE DEPARTMENT,BROOKLYN,2080.0,133691.63,604.58,45322.6,21945.98,200960.21,19
1958,FIRE DEPARTMENT,BROOKLYN,1714.3,106955.8,1123.07,81157.0,12806.49,200919.29,20
1959,FIRE DEPARTMENT,MANHATTAN,2080.0,127655.43,540.8,40939.98,32312.47,200907.88,30
1960,POLICE DEPARTMENT,MANHATTAN,1954.3,117612.14,679.45,62644.21,20640.3,200896.65,36
1961,POLICE DEPARTMENT,MANHATTAN,2080.0,139125.12,466.83,43452.22,18307.92,200885.26,19
1962,FIRE DEPARTMENT,BROOKLYN,2080.0,146527.13,554.28,35762.9,18586.28,200876.31,28
1963,POLICE DEPARTMENT,QUEENS,2080.0,133691.63,735.08,43297.77,23885.73,200875.13,18
1965,POLICE DEPARTMENT,BROOKLYN,2080.0,133691.63,682.25,43680.41,23478.28,200850.32,20
1966,DEPARTMENT OF SANITATION,BROOKLYN,2080.0,110594.73,994.0,83366.68,6888.53,200849.94,14
1968,DEPARTMENT OF SANITATION,MANHATTAN,2080.0,110726.63,794.0,70344.65,19710.1,200781.38,25
1969,FIRE DEPARTMENT,MANHATTAN,2080.0,131370.39,798.0,55953.3,13455.28,200778.97,20
1970,DEPARTMENT OF SANITATION,BROOKLYN,2080.0,110309.14,929.0,80812.73,9651.39,200773.26,17
1971,FIRE DEPARTMENT,QUEENS,2080.0,128984.1,819.98,59305.92,12473.3,200763.32,17
1972,FIRE DEPARTMENT,QUEENS,2080.0,127519.37,795.0,59502.38,13697.91,200719.66,20
1973,FIRE DEPARTMENT,MANHATTAN,2080.0,88151.07,2082.0,95685.71,16865.91,200702.69,23
1975,POLICE DEPARTMENT,BRONX,2080.0,133691.63,710.17,39973.67,27008.98,200674.28,25
1976,FIRE DEPARTMENT,BROOKLYN,2080.0,146527.13,522.6,36123.23,18023.3,200673.66,23
1977,FIRE DEPARTMENT,BROOKLYN,2080.0,127655.43,481.0,43645.34,29359.44,200660.21,26
1978,FIRE DEPARTMENT,BRONX,2080.0,146527.13,479.32,39614.28,14496.94,200638.35,35
1981,POLICE DEPARTMENT,MANHATTAN,2080.0,165016.17,144.98,10357.63,25222.59,200596.39,17
1982,FIRE DEPARTMENT,BROOKLYN,2080.0,127470.0,829.95,61155.75,11919.03,200544.78,20
1983,POLICE DEPARTMENT,QUEENS,2080.0,133691.63,706.67,39518.06,27316.61,200526.3,20
1984,DEPARTMENT OF SANITATION,BRONX,2080.0,85022.26,1124.0,81573.35,33928.77,200524.38,24
1985,FIRE DEPARTMENT,BRONX,2080.0,127655.43,842.38,59395.65,13461.53,200512.61,23
1986,POLICE DEPARTMENT,MANHATTAN,2080.0,170827.72,3.75,321.58,29355.17,200504.47,19
1987,FIRE DEPARTMENT,MANHATTAN,2080.0,129441.34,849.97,55341.82,15714.68,200497.84,22
1988,DEPARTMENT OF SANITATION,BRONX,2080.0,109891.64,875.0,74632.74,15961.07,200485.45,15
1991,FIRE DEPARTMENT,BROOKLYN,2080.0,131976.23,816.48,53598.09,14764.2,200338.52,26
1992,POLICE DEPARTMENT,BROOKLYN,2080.0,165016.17,131.5,11199.22,24119.58,200334.97,17
1993,FIRE DEPARTMENT,QUEENS,2080.0,146106.08,506.27,36991.68,17224.39,200322.15,21
1995,DEPARTMENT OF SANITATION,BRONX,2080.0,109661.73,961.5,82873.92,7767.07,200302.72,17
1996,DEPARTMENT OF SANITATION,MANHATTAN,2080.0,109402.64,843.0,73510.56,17332.0,200245.2,22
1997,FIRE DEPARTMENT,BROOKLYN,2080.0,132661.75,601.52,50423.2,17136.64,200221.59,17
2001,FIRE DEPARTMENT,QUEENS,2080.0,127655.43,815.55,58214.96,14332.96,200203.35,24
2003,POLICE DEPARTMENT,MANHATTAN,2080.0,133691.63,754.5,44047.86,22458.78,200198.27,23
2005,POLICE DEPARTMENT,MANHATTAN,2080.0,125177.74,940.08,50396.45,24620.54,200194.73,31
2006,POLICE DEPARTMENT,QUEENS,2080.0,133691.63,666.42,48696.85,17800.84,200189.32,23
2007,DEPARTMENT OF SANITATION,MANHATTAN,2080.0,110726.63,885.5,78422.46,11010.8,200159.89,22
2008,POLICE DEPARTMENT,BRONX,2121.25,128113.34,799.43,49500.54,22525.09,200138.97,27
2009,FIRE DEPARTMENT,QUEENS,2080.0,132661.75,654.47,52702.18,14753.67,200117.6,16
2010,FIRE DEPARTMENT,BROOKLYN,2080.0,132661.75,747.33,52863.66,14574.78,200100.19,17
2011,POLICE DEPARTMENT,BROOKLYN,2080.0,170827.72,60.75,5209.56,24045.55,200082.83,17
2012,POLICE DEPARTMENT,BROOKLYN,2080.0,133691.63,711.25,40596.27,25747.48,200035.38,15
2013,FIRE DEPARTMENT,QUEENS,2080.0,127655.43,834.08,59178.41,13194.88,200028.72,23
2014,DEPARTMENT OF SANITATION,MANHATTAN,2080.0,85022.26,1504.5,107087.72,7912.19,200022.17,35
